Country Name,Country Code,Indicator Name,Indicator Code,1990,1991,1992,1993,1994,1995,1996,1997,1998,1999,2000,2001,2002,2003,2004,2005,2006,2007,2008,2009,2010,2011,2012,2013,2014,2015,2016,2017,2018,2019,2020,2021
Aruba,ABW,"Government expenditure on education, total (% of GDP)",SE.XPD.TOTL.GD.ZS,,,,,,,,,4.763909817,4.395540237,4.714680195,4.739860058,4.923649788,,4.408480167,4.68132019,,4.815040112,4.999229908,5.924789906,6.929269791,6.119130135,6.549059868,6.442959785,5.851280212,5.888269901,5.491350174,,,,,
Africa Eastern and Southern,AFE,"Government expenditure on education, total (% of GDP)",SE.XPD.TOTL.GD.ZS,,,,,,,,,,4.994909763,3.769109964,4.572579861,,,3.74496007,3.818970084,3.784489989,,3.844995141,3.585380077,4.496590137,4.385980129,4.677365065,4.744919777,4.839839935,4.815085173,4.821875095,4.862555027,4.834589958,4.600084305,4.608170033,
Afghanistan,AFG,"Government expenditure on education, total (% of GDP)",SE.XPD.TOTL.GD.ZS,,,,,,,,,,,,,,,,2.569999933,2.900000095,2.849999905,3.50999999,3.730000019,3.479449987,3.462009907,3.319999933,3.454459906,3.695219994,3.255800009,3.511980057,3.373310089,3.199790001,3.213779926,2.860859394,
Africa Western and Central,AFW,"Government expenditure on education, total (% of GDP)",SE.XPD.TOTL.GD.ZS,,,,,,,,,,2.514170051,2.565020084,2.42614007,2.59414494,2.751250029,2.681100011,2.726830006,2.56340003,2.946390033,2.723119974,3.089270115,2.963060021,2.668900013,2.805634975,2.940209985,2.666670084,3.057290077,2.780580044,3.430219889,3.013220072,3.023039937,3.173885107,
Angola,AGO,"Government expenditure on education, total (% of GDP)",SE.XPD.TOTL.GD.ZS,,,,,,,,,2.567120075,,2.607530117,,,,,2.120110035,2.281460047,2.920000076,2.690000057,3.210000038,3.421319962,3.029999971,3.081909895,4.438950062,3.122920036,3.486900091,2.754940033,2.466880083,2.044699907,1.927459955,2.415199995,
Albania,ALB,"Government expenditure on education, total (% of GDP)",SE.XPD.TOTL.GD.ZS,,,,,3.44698,3.814640045,3.083509922,3.37947011,3.536979914,3.592930079,3.430170059,3.458699942,3.117799997,3.138230085,3.227519989,3.281549931,3.191459894,3.275929928,,,3.41307497,3.079999924,2.930000067,3.539299965,3.049999952,3.437969923,3.962090015,3.611730099,3.154901266,3.916650057,3.099999905,
Andorra,AND,"Government expenditure on education, total (% of GDP)",SE.XPD.TOTL.GD.ZS,,,,,,,,3.713279963,,,,,1.65971005,,1.544119954,1.644970059,2.244899988,2.104690075,2.873929977,3.142920017,2.976629972,2.98706007,,2.506160021,3.074209929,3.28034997,3.237070084,3.217089891,3.246720076,3.15060997,,2.880000114
Arab World,ARB,"Government expenditure on education, total (% of GDP)",SE.XPD.TOTL.GD.ZS,,,,,,,,,,,,,,,4.6707201,,4.001780033,,4.22755003,3.589999914,3.981111646,3.410000086,3.628720045,3.976920128,3.799999952,3.930850029,4.380000114,3.748559952,4.417484999,2.988470078,3.670000076,
United Arab Emirates,ARE,"Government expenditure on education, total (% of GDP)",SE.XPD.TOTL.GD.ZS,,,,,,,,,,,,,,,,,,,,,,1.626072645,1.305180192,1.446030259,1.537318707,1.709201694,1.737109423,1.63756907,1.510745287,3.86736989,3.879869938,
Argentina,ARG,"Government expenditure on education, total (% of GDP)",SE.XPD.TOTL.GD.ZS,1.067379951,,,,,,3.731980085,,4.039869785,4.521679878,4.580309868,4.833740234,4.017340183,3.535049915,3.486520052,3.860009909,4.128210068,4.462600231,4.844409943,5.531050205,5.019710064,5.290629864,5.345829964,5.436610222,5.361440182,5.776110172,5.545489788,5.454319954,4.877739906,4.724170208,5.016049862,
Armenia,ARM,"Government expenditure on education, total (% of GDP)",SE.XPD.TOTL.GD.ZS,,,,,,,1.848430037,,,2.235189915,2.772730112,2.469439983,2.135040045,2.145040035,2.486730099,2.712029934,2.715770006,3.018939972,3.172729969,3.840790033,3.249000072,3.143850088,2.772480011,2.650180101,2.247240067,2.80591011,2.75812006,2.707590103,2.255870104,2.561850071,2.705670118,2.771389961
American Samoa,ASM,"Government expenditure on education, total (% of GDP)",SE.XPD.TOTL.GD.ZS,,,,,,,,,,,,,,,,,14.7170496,,,,,,,,,,,,,,,
Antigua and Barbuda,ATG,"Government expenditure on education, total (% of GDP)",SE.XPD.TOTL.GD.ZS,,,,,,,,,,2.753969908,,,3.395250082,,,,,,,2.508889914,,,2.485247612,2.60647583,2.70147109,2.840734005,2.430799961,2.448479891,2.644079924,2.831340075,3.453119993,3.836250067
Australia,AUS,"Government expenditure on education, total (% of GDP)",SE.XPD.TOTL.GD.ZS,4.668540001,4.786330223,4.683879852,5.506330013,5.244949818,5.134130001,5.230999947,,,,4.887310028,,,,,4.898519993,4.740650177,4.656219959,4.632780075,5.084519863,5.543039799,5.069950104,4.867879868,5.229239941,5.164690018,5.315839767,5.286230087,5.136809826,5.123449802,5.135310173,6.099999905,
Austria,AUT,"Government expenditure on education, total (% of GDP)",SE.XPD.TOTL.GD.ZS,4.957250118,5.103219986,5.296979904,5.251999855,,5.428349972,5.259900093,,6.103740215,6.112339973,5.588809967,5.575479984,5.522130013,5.361830235,5.302430153,5.249370098,5.226520061,5.146900177,5.263959885,5.730249882,5.700479984,5.592269897,5.480400085,5.547110081,5.447619915,5.456580162,5.47961998,5.371590137,5.224520206,5.212910175,5.070000172,
Azerbaijan,AZE,"Government expenditure on education, total (% of GDP)",SE.XPD.TOTL.GD.ZS,,,6.057970047,,,3.337369919,3.512569904,,3.380019903,4.212140083,3.853990078,3.503420115,3.154459953,3.286149979,3.447700024,2.974620104,2.555520058,2.549279928,2.44092989,3.224309921,2.780620098,2.435640097,2.067630053,2.442130089,2.633039951,2.951679945,2.903409958,2.473819971,2.455430031,2.681080103,4.332049847,
Burundi,BDI,"Government expenditure on education, total (% of GDP)",SE.XPD.TOTL.GD.ZS,3.359329939,3.493659973,3.805850029,,4.565269947,5.015110016,4.083240032,,,3.417449951,2.645479918,2.903909922,3.004930019,,3.74496007,3.632159948,,,5.192900181,6.171949863,6.775249958,6.319250107,6.167860031,5.995359898,6.784520149,6.370540142,4.691999912,4.762020111,5.078649998,5.346680164,5.040979862,
Belgium,BEL,"Government expenditure on education, total (% of GDP)",SE.XPD.TOTL.GD.ZS,,,,5.372310162,5.411039829,2.988660097,3.049479961,,,,,,,,,5.795859814,,,6.332940102,6.458099842,6.442590237,6.431990147,6.255764961,6.630529881,6.590469837,6.451570034,6.461730003,6.425340176,6.381370068,6.339759827,6.710000038,
Benin,BEN,"Government expenditure on education, total (% of GDP)",SE.XPD.TOTL.GD.ZS,,,,,,,,,2.747889996,1.921939969,2.113660097,2.365099907,2.159490108,2.283159971,2.566900015,2.656680107,2.56340003,2.363310099,2.777280092,3.089270115,3.679970026,4.397880077,3.562020063,3.327510118,3.161789894,3.17298007,2.899100065,3.535589933,2.931619883,2.965199947,3.003659964,
Burkina Faso,BFA,"Government expenditure on education, total (% of GDP)",SE.XPD.TOTL.GD.ZS,,,,,3.451100111,,1.440260053,,,,,,,,,3.941139936,3.982189894,4.07983017,,,3.502229929,3.985150099,3.603159904,4.083439827,4.053299904,3.67008996,,5.628469944,5.488609791,5.696849823,5.519080162,
Bangladesh,BGD,"Government expenditure on education, total (% of GDP)",SE.XPD.TOTL.GD.ZS,1.519119978,1.425660014,1.631770015,1.692620039,,,,1.952469945,,2.132819891,2.125080109,2.171930075,2.017149925,2.069390059,1.940140009,,2.131289959,2.202219963,2.05456996,1.939419985,,2.132699966,2.046670675,1.966160059,2.098716736,1.872254133,2.221199989,2.216619492,1.947955489,1.971846581,2.049217463,2.119385004
Bulgaria,BGR,"Government expenditure on education, total (% of GDP)",SE.XPD.TOTL.GD.ZS,4.454060078,5.429619789,5.2604599,4.950489998,4.170660019,2.372070074,2.230079889,,2.739429951,,,3.384239912,3.386080027,3.998450041,2.319950104,4.108799934,3.903460026,3.682640076,4.222380161,4.274290085,3.857969999,3.546979904,3.476370096,4.058229923,4.082929134,3.921794891,3.403310061,4.075270176,4.045300007,4.197179794,4.039999962,
Bahrain,BHR,"Government expenditure on education, total (% of GDP)",SE.XPD.TOTL.GD.ZS,,,,,,,,,,,,,,,,3.329999924,2.874409914,2.575000048,2.496779919,3.339999914,3.190000057,3.029999971,2.645309925,2.476890087,2.467459917,2.674540043,2.869999886,2.324520111,2.36661005,2.094909906,2.152050018,
"Bahamas, The",BHS,"Government expenditure on education, total (% of GDP)",SE.XPD.TOTL.GD.ZS,,,,,,,,,,,2.232840061,,,,,2.289999962,,2.730000019,2.890000105,2.920000076,2.779999971,2.660000086,2.609999895,2.720000029,2.5,2.249900103,2.331180096,2.422770023,2.249670029,2.288419962,2.371340036,2.782219887
Bosnia and Herzegovina,BIH,"Government expenditure on education, total (% of GDP)",SE.XPD.TOTL.GD.ZS,,,,,,,,,,,,,,,,,,,,,,,,,,,,,,,,
Belarus,BLR,"Government expenditure on education, total (% of GDP)",SE.XPD.TOTL.GD.ZS,,,,,,,,,,6.000010014,6.196619987,,,,5.712259769,5.871029854,6.076960087,5.152100086,,4.368939877,5.220039845,4.684790134,4.959640026,5.009419918,4.818309784,4.787519932,4.946549892,4.794990063,5.381110191,4.97947979,4.952449799,4.705530167
Belize,BLZ,"Government expenditure on education, total (% of GDP)",SE.XPD.TOTL.GD.ZS,,,,,,,,,,5.442269802,5.028429985,5.796929836,,5.248209953,5.33589983,,,,5.772630215,6.178170204,6.719759941,,,6.425370216,6.614689827,6.870150089,7.29365015,7.45028019,7.472270012,7.138390064,7.528779984,8.707010269
Bermuda,BMU,"Government expenditure on education, total (% of GDP)",SE.XPD.TOTL.GD.ZS,3.136199951,3.150650024,3.4760499,,,,,,2.152270079,,,,,1.666270018,1.775879979,1.988770008,,,,2.289200068,2.306689978,,,,1.536880016,1.501639962,1.915443897,1.324959993,1.93595469,1.927237868,1.874771237,1.89716053
Bolivia,BOL,"Government expenditure on education, total (% of GDP)",SE.XPD.TOTL.GD.ZS,,,,,,,,,,,,,,,,,,,,,7.809999943,7.070000172,7.900000095,7.579999924,8.260000229,8.93999958,8.850000381,8.659999847,8.899999619,7.672689915,9.837454796,
Brazil,BRA,"Government expenditure on education, total (% of GDP)",SE.XPD.TOTL.GD.ZS,,,,,,4.568160057,,,4.756659985,3.800620079,3.948930025,3.844680071,3.750370026,,3.974479914,4.4790802,4.870600224,4.974259853,5.268839836,5.463550091,5.648799896,5.737410069,5.855100155,5.838850021,5.948480129,6.24105978,6.314040184,6.32047987,6.088510036,5.963469982,,
Barbados,BRB,"Government expenditure on education, total (% of GDP)",SE.XPD.TOTL.GD.ZS,,6.638700008,,,,,,,,4.341239929,4.71585989,6.055369854,5.880620003,6.245699883,6.024280071,5.669650078,,5.220389843,4.922599792,5.116179943,6.054399967,,5.262740135,5.148990154,6.143499851,5.382919788,4.707320213,4.366380215,5.428860188,3.203989983,3.05817008,6.453619957
Brunei Darussalam,BRN,"Government expenditure on education, total (% of GDP)",SE.XPD.TOTL.GD.ZS,3.959959984,3.668940067,3.747689962,4.29403019,,,,,5.253950119,4.932050228,3.705909967,,,,,,,,,,2.046610117,3.322099924,2.889590025,,3.353189945,,4.425409794,,,,,
Bhutan,BTN,"Government expenditure on education, total (% of GDP)",SE.XPD.TOTL.GD.ZS,,,,,,,,,,,5.786759853,5.91573,,,6.609069824,7.287149906,,,4.911590099,4.741740227,4.12473011,4.765230179,7.773543835,5.722750187,6.04489994,6.273189545,6.993332386,7.39539814,6.801033497,5.675445557,5.901417732,7.003523827
Botswana,BWA,"Government expenditure on education, total (% of GDP)",SE.XPD.TOTL.GD.ZS,5.739630222,,6.840610027,,,,,,,,,,,,,10.67858982,,8.851490021,,9.632920265,,,,,,7.806509972,7.974830151,7.299749851,6.721310139,6.91437006,8.739999771,
Central African Republic,CAF,"Government expenditure on education, total (% of GDP)",SE.XPD.TOTL.GD.ZS,2.244199991,2.276309967,,,,,,,,1.690019965,1.612650037,,1.519569993,1.539800048,1.624529958,1.652220011,1.415060043,1.313320041,1.290009975,1.254580021,1.117609978,1.107920051,1.980350018,2.638210058,2.220149994,1.910230041,1.754089952,1.75364995,1.565879941,1.768710017,2.166699886,
Canada,CAN,"Government expenditure on education, total (% of GDP)",SE.XPD.TOTL.GD.ZS,5.991990089,6.884300232,6.770939827,7.704259872,6.680019855,6.324450016,,,5.493770123,5.530799866,5.423319817,4.953030109,4.993080139,,,4.765880108,,4.766409874,4.62612009,4.840579987,5.356369972,5.262050152,4.692587376,4.589009762,4.843589783,4.739379883,4.816420078,4.959969997,4.888979912,4.772930145,5.170000076,
Central Europe and the Baltics,CEB,"Government expenditure on education, total (% of GDP)",SE.XPD.TOTL.GD.ZS,,,,,,4.642334938,4.334750175,,4.942009926,4.579434872,4.868400097,5.079734802,5.179230213,5.057149887,4.834060192,4.810269833,4.684669971,4.595210075,4.839900017,4.944660187,4.721759796,4.561329842,4.717720032,4.500390053,4.486579895,4.809939861,4.633399963,4.075270176,4.243569851,4.29046011,5.13499999,
Switzerland,CHE,"Government expenditure on education, total (% of GDP)",SE.XPD.TOTL.GD.ZS,4.388249874,4.541250229,,4.940430164,4.904769897,4.908770084,4.917290211,,4.744900227,4.749219894,4.648369789,4.81137991,5.164219856,5.36935997,5.293079853,5.057400227,4.81757021,4.557980061,4.731929779,4.89041996,4.765629768,4.815269947,4.8583498,4.869029999,4.877799988,4.93844986,4.926459789,4.951570034,4.863259792,5.093264103,5.21999979,
Channel Islands,CHI,"Government expenditure on education, total (% of GDP)",SE.XPD.TOTL.GD.ZS,,,,,,,,,,,,,,,,,,,,,,,,,,,,,,,,
Chile,CHL,"Government expenditure on education, total (% of GDP)",SE.XPD.TOTL.GD.ZS,2.250159979,,,2.383719921,2.511820078,2.564699888,2.796250105,3.012459993,3.340150118,3.729219913,3.77583003,,4.081210136,3.963459969,3.538389921,3.262830019,3.021529913,3.21378994,3.792429924,4.230649948,4.162089825,4.045189857,4.541704178,4.529429913,4.730949879,4.875309944,5.342010021,5.419660091,5.433169842,5.618120193,,
China,CHN,"Government expenditure on education, total (% of GDP)",SE.XPD.TOTL.GD.ZS,,,1.65455997,1.657850027,1.985710025,1.841920018,1.853389978,,1.844329953,1.888039947,,,,,,2.390000105,2.440000057,2.700000048,3.630000114,3.75,3.75,3.52196002,4.077429771,3.852509975,3.726639986,3.82487011,3.79362011,3.667449951,3.542490005,3.539999962,3.569999933,
Cote d'Ivoire,CIV,"Government expenditure on education, total (% of GDP)",SE.XPD.TOTL.GD.ZS,,,6.781139851,6.50304985,4.78869009,4.301449776,2.724760056,2.618119955,2.434989929,2.685290098,2.40031004,2.444770098,2.810480118,2.864370108,2.911760092,2.919440031,2.819999933,3.016139984,3.098530054,3.173939943,3.246510029,2.865760088,3.434469938,3.458600044,3.314169884,3.494159937,3.97232008,3.80347991,3.239939928,3.716379881,3.443020105,
Cameroon,CMR,"Government expenditure on education, total (% of GDP)",SE.XPD.TOTL.GD.ZS,3.287100077,3.220230103,2.750999928,,,,,,,,1.702849984,2.297339916,,2.822590113,2.795300007,2.65651989,2.539910078,2.87816,2.498270035,2.907900095,2.84803009,2.653369904,2.603060007,2.655479908,2.583960056,2.657919884,2.562340021,3.059629917,3.030960083,3.080879927,3.166160107,
"Congo, Dem. Rep.",COD,"Government expenditure on education, total (% of GDP)",SE.XPD.TOTL.GD.ZS,,,,,,,,,,,,,,,,,,,,,1.524979949,,,2.062210083,1.951429963,2.170439959,2.118690014,1.454949975,,,2.450000048,2.700000048
"Congo, Rep.",COG,"Government expenditure on education, total (% of GDP)",SE.XPD.TOTL.GD.ZS,,,,,6.373119831,4.910339832,,,4.068270206,,,,3.208319902,2.836159945,2.288130045,1.681020021,,,,,5.686729908,,2.739229918,5.013879776,3.183710098,3.282579899,5.239999771,4.450520039,2.995480061,3.5753901,4.448619843,
Colombia,COL,"Government expenditure on education, total (% of GDP)",SE.XPD.TOTL.GD.ZS,,,,,,,,,3.926440001,4.44080019,3.511209965,3.708679914,4.268129826,4.325139999,4.079349995,4.020989895,3.916719913,4.083010197,3.938780069,4.776519775,4.83382988,4.466080189,4.370389938,4.878550053,4.629459858,4.470389843,4.477210045,4.535510063,4.449100018,4.506219864,4.933100224,
Comoros,COM,"Government expenditure on education, total (% of GDP)",SE.XPD.TOTL.GD.ZS,,,,,,,,,2.201359987,,,,2.258419991,,,,,,4.42264986,,,2.830450058,2.747839928,2.382760048,2.744729996,2.545059919,,,,,,
Cabo Verde,CPV,"Government expenditure on education, total (% of GDP)",SE.XPD.TOTL.GD.ZS,,,,,,,,,6.391769886,6.801680088,,,7.876820087,,7.476640224,,6.529600143,5.407549858,5.518000126,5.308959961,5.567289829,5.043610096,5.068395138,5.001440048,4.963870049,5.266910076,5.288790226,5.181749821,5.368850231,4.733459949,7.58479023,
Costa Rica,CRI,"Government expenditure on education, total (% of GDP)",SE.XPD.TOTL.GD.ZS,,,,,,3.352720022,3.890719891,,,5.394360065,4.666950226,4.832029819,5.150440216,5.133739948,4.890629768,,4.616139889,4.63451004,4.886970043,6.010300159,6.565740108,6.379889965,6.582399845,6.687399864,6.67952013,6.87349987,6.893959999,7.069809914,6.769919872,6.7958498,6.710669994,
Caribbean small states,CSS,"Government expenditure on education, total (% of GDP)",SE.XPD.TOTL.GD.ZS,4.216645002,4.383069992,3.336659908,3.214030027,3.747999907,3.473814964,3.463250041,3.852375031,2.438920021,2.756119967,3.869560003,4.223160028,4.459119916,3.696724892,3.912549973,4.616419792,,5.49022007,6.191319942,6.198480129,6.370600224,5.281330109,5.331145048,5.6849401,5.673900127,4.421210051,4.634260058,4.417834997,4.358924866,4.430865049,4.860620022,6.027470112
Cuba,CUB,"Government expenditure on education, total (% of GDP)",SE.XPD.TOTL.GD.ZS,,7.14496994,,7.074769974,5.619480133,,,,6.208730221,6.755239964,7.704810143,8.358090401,9.571169853,9.940859795,10.26823044,10.55778027,9.057169914,11.86820984,14.05908012,13.12485981,12.83730984,,1.16E-05,1.07E-05,9.61E-06,8.96E-06,9.01E-06,8.44E-06,8.02E-06,9.05E-06,1.15E-05,
Curacao,CUW,"Government expenditure on education, total (% of GDP)",SE.XPD.TOTL.GD.ZS,,,,,,,,,,,,,,,,,,,,,,,6.079498291,4.930950165,,7.105736732,6.985280037,,6.578791142,6.39694643,7.42913866,
Cayman Islands,CYM,"Government expenditure on education, total (% of GDP)",SE.XPD.TOTL.GD.ZS,,,,,,,,,,,,,,,,,,,,,,,,,,,,,2.166806698,2.064558744,,
Cyprus,CYP,"Government expenditure on education, total (% of GDP)",SE.XPD.TOTL.GD.ZS,3.339240074,3.5753901,3.780299902,4.09555006,4.159969807,3.741230011,,,,4.772079945,4.9895401,5.11552,5.581669807,6.670229912,6.117720127,6.286670208,6.330269814,6.280829906,6.722760201,7.205450058,6.54279995,6.538539886,5.911854744,6.483779907,6.440499783,6.326129913,6.145410061,5.718530178,5.152853966,5.250639915,6.059999943,
Czechia,CZE,"Government expenditure on education, total (% of GDP)",SE.XPD.TOTL.GD.ZS,,,3.751760006,4.158679962,4.649960041,4.517549992,4.244909763,,3.580120087,3.66753006,3.64034009,3.732830048,3.95878005,4.117280006,3.992389917,3.865910053,4.195509911,3.84717989,3.727190018,4.14605999,4.033500195,4.242090225,4.220709801,4.046760082,3.965229988,5.751820087,5.553730011,3.806159973,4.26692009,4.543379784,5.079999924,
Germany,DEU,"Government expenditure on education, total (% of GDP)",SE.XPD.TOTL.GD.ZS,,,,4.407919884,4.336639881,4.430759907,4.494709969,,4.461870193,,,,,,,,4.293960094,4.366799831,4.435949802,4.909510136,4.94367981,4.82487011,4.956580162,4.935389996,4.921020031,4.855150223,4.839230061,4.871829987,4.975769997,5.116640091,4.659999847,
Djibouti,DJI,"Government expenditure on education, total (% of GDP)",SE.XPD.TOTL.GD.ZS,,,,,,,,,,7.629479885,9.659999847,7.805429935,8.447600365,8.889849663,9.264670372,8.365889549,8.278779984,8.40625,,,4.49022007,,6.351275444,4.647825241,4.384075165,3.590240002,3.924390078,3.748559952,3.627739906,,,
Dominica,DMA,"Government expenditure on education, total (% of GDP)",SE.XPD.TOTL.GD.ZS,,,,,,,,,5.739840031,4.028580189,,,,,,,,,,,,,,,,3.408580065,5.129720211,4.766749859,5.571549892,5.576189995,4.69630003,5.465845108
Denmark,DNK,"Government expenditure on education, total (% of GDP)",SE.XPD.TOTL.GD.ZS,,5.596759796,,7.772819996,7.471059799,7.471039772,7.884940147,,8.106749535,7.931159973,8.084340096,8.215450287,8.213029861,8.121930122,8.207630157,8.085570335,7.729909897,7.615600109,7.4760499,8.448880196,8.559550285,8.48486042,7.237820148,8.494429588,7.634850025,7.0104146,7.476940155,7.752439976,6.792779922,6.888579845,6.380000114,
Dominican Republic,DOM,"Government expenditure on education, total (% of GDP)",SE.XPD.TOTL.GD.ZS,,,,0.773949981,0.893369973,1.033300042,1.22724998,,,,1.888290048,1.967829943,1.914010048,1.84465003,,,,2.046789885,,,1.900460005,1.900239944,2.49751997,3.480540037,3.963769913,3.816240072,3.850500107,3.920269966,3.928489923,4.042769909,4.618700027,
Algeria,DZA,"Government expenditure on education, total (% of GDP)",SE.XPD.TOTL.GD.ZS,,,,,,,,,,,,,,,,,4.619999886,4.960000038,4.33701992,6.03000021,,,7.637597084,7.29229641,7.31870079,7.962967396,7.344359875,6.505380154,5.866350174,6.100359917,7.042397499,
East Asia & Pacific (excluding high income),EAP,"Government expenditure on education, total (% of GDP)",SE.XPD.TOTL.GD.ZS,,,,,,2.252955019,2.686659932,3.51327002,,,4.208930016,2.69233501,2.89222002,,2.748470068,,,3.061334968,3.569250107,3.805969954,3.508440018,3.52196002,3.596918344,3.824398518,3.726639986,3.82487011,3.767617464,3.566385746,3.37054503,3.188205838,3.569999933,
Early-demographic dividend,EAR,"Government expenditure on education, total (% of GDP)",SE.XPD.TOTL.GD.ZS,,,,,,,,,,3.985475063,3.827090025,4.088779926,3.407730103,3.574229956,3.419530034,,4.128210068,3.618584991,3.913759947,4.382245064,3.748096824,3.870579958,3.942765117,4.233669996,4.14103508,3.950090051,4.050000191,3.931309938,3.907310009,3.663199902,4.102479219,
East Asia & Pacific,EAS,"Government expenditure on education, total (% of GDP)",SE.XPD.TOTL.GD.ZS,,,,,,3.040205002,,,,,,3.471655011,3.864919901,,3.652760029,3.25545001,3.559734941,3.279340029,3.508500099,3.861939907,3.510030031,3.563619971,3.622169137,3.792359233,3.649595022,3.82487011,3.767617464,3.566385746,3.434504986,3.447895765,3.652405262,
Europe & Central Asia (excluding high income),ECA,"Government expenditure on education, total (% of GDP)",SE.XPD.TOTL.GD.ZS,,,,,,,,,,3.618079901,3.343394995,3.384239912,3.154459953,3.286149979,3.227519989,3.642030001,3.40350008,3.547955036,4.101749897,4.274290085,3.869227052,4.221519947,3.959860086,4.058229923,4.048404455,3.921794891,3.962090015,4.323689938,4.294069767,4.056914926,4.389126778,
Europe & Central Asia,ECS,"Government expenditure on education, total (% of GDP)",SE.XPD.TOTL.GD.ZS,,,,,,4.596094847,4.494450092,,4.45031023,4.383719921,4.149154902,4.525680065,4.438934803,4.80573988,4.729400158,4.878399849,4.81757021,4.626599789,4.862435102,5.018044949,5.03881979,4.860944986,4.829549789,4.953005075,4.878499985,4.897535086,4.781787872,4.735224962,4.67667985,4.630020142,5.075000048,
Ecuador,ECU,"Government expenditure on education, total (% of GDP)",SE.XPD.TOTL.GD.ZS,,,,,,1.997640014,,,2.195369959,1.547340035,1.150930047,,,,,,,,,4.342420101,4.507430077,4.726890087,4.643070221,5.004640102,5.260990143,4.998700142,4.362750053,4.614260197,4.621459961,4.225659847,4.134130001,3.691380024
"Egypt, Arab Rep.",EGY,"Government expenditure on education, total (% of GDP)",SE.XPD.TOTL.GD.ZS,,,4.050670147,4.197700024,4.583759785,4.604000092,4.671569824,,,,,,,4.945630074,4.6707201,4.794429779,4.001780033,3.68460989,3.760829926,,3.542649984,3.344300032,3.368299961,4.122529984,4.25138998,3.930850029,4.050000191,,,2.609999895,2.480000019,
Euro area,EMU,"Government expenditure on education, total (% of GDP)",SE.XPD.TOTL.GD.ZS,4.557250023,4.811985016,,4.840950012,4.667274952,4.690214872,4.799570084,,4.540569782,4.510849953,4.585120201,5.228459835,5.258719921,5.085664988,4.961565018,4.976174831,4.825729847,4.674350023,5.109519958,5.563149929,5.489089966,5.123330116,5.410220146,5.342050076,5.124000072,4.909530163,4.792669773,4.871829987,4.935870171,4.910289764,5.185000181,
Eritrea,ERI,"Government expenditure on education, total (% of GDP)",SE.XPD.TOTL.GD.ZS,,,,,,,1.638550043,,4.620580196,5.26281023,,4.047160149,3.523900032,,3.148969889,,2.127000093,,,,,,,,,,,,,,,
Spain,ESP,"Government expenditure on education, total (% of GDP)",SE.XPD.TOTL.GD.ZS,3.633589983,3.742350101,3.83716011,4.244890213,4.484680176,4.434629917,4.457459927,,4.287859917,4.260439873,4.166049957,4.111269951,4.134570122,4.173429966,4.157859802,4.144320011,4.184820175,4.254049778,4.528059959,4.912000179,4.856080055,4.896920204,4.469339848,4.351019859,4.303380013,4.286570072,4.227640152,4.207779884,4.181570053,4.234089851,4.590000153,
Estonia,EST,"Government expenditure on education, total (% of GDP)",SE.XPD.TOTL.GD.ZS,,,,,,5.898660183,6.054920197,6.337880135,6.235360146,6.652490139,5.339459896,5.228459835,5.43460989,5.273099899,4.876749992,4.810269833,,4.619909763,5.484039783,5.960050106,5.517789841,5.014490128,4.717720032,4.843880177,4.394330025,5.144189835,5.15763998,4.961319923,5.26320982,5.301909924,6.579999924,
Ethiopia,ETH,"Government expenditure on education, total (% of GDP)",SE.XPD.TOTL.GD.ZS,,,,2.3542099,,,2.774620056,2.757940054,,,3.983109951,3.700289965,3.632450104,,,,5.490960121,5.451129913,5.408199787,4.422070026,4.496590137,5.485760212,5.56678009,4.498549938,4.602019787,4.737919807,5.061510086,5.64951992,5.06867981,4.480868816,,
European Union,EUU,"Government expenditure on education, total (% of GDP)",SE.XPD.TOTL.GD.ZS,,5.103219986,5.132065058,4.950489998,4.667274952,4.690214872,4.753920078,,4.540569782,4.579434872,4.868400097,5.079734802,5.179230213,5.085664988,4.961565018,5.073949814,4.866699934,4.674350023,5.029049873,5.522659779,5.297860146,5.071619987,4.949409962,4.970620155,4.935540199,4.909530163,4.770905972,4.614099979,4.622829914,4.630020142,5.13499999,
Fragile and conflict affected situations,FCS,"Government expenditure on education, total (% of GDP)",SE.XPD.TOTL.GD.ZS,,,,,,,,,,,,,,,,,,,,,3.343889952,3.462009907,3.319999933,3.454459906,3.41595006,3.282579899,3.02660501,3.059629917,3.199790001,3.213779926,3.166160107,
Finland,FIN,"Government expenditure on education, total (% of GDP)",SE.XPD.TOTL.GD.ZS,5.338900089,6.337480068,6.520500183,7.487160206,6.857069969,6.809909821,6.858980179,,,5.86992979,5.709300041,5.840250015,6.0167799,6.167439938,6.157579899,6.02507019,5.928380013,5.67125988,5.83010006,6.459559917,6.504449844,6.445049763,7.148039818,7.124040127,7.102369785,7.032080173,6.851530075,6.363110065,6.275420189,6.417109966,5.880000114,
Fiji,FJI,"Government expenditure on education, total (% of GDP)",SE.XPD.TOTL.GD.ZS,,,,,,,,,5.524700165,5.168640137,5.877739906,5.643109798,6.275869846,,6.209159851,5.167059898,5.655320168,5.894720078,4.25357008,4.498479843,4.824359894,4.17305994,4.722650051,3.882889986,4.268219948,4.809319973,4.83589983,4.651189804,4.835710049,5.067880154,5.67535305,
France,FRA,"Government expenditure on education, total (% of GDP)",SE.XPD.TOTL.GD.ZS,4.513939857,4.841300011,4.735390186,5.429590225,5.626430035,5.79073,5.756720066,,5.687920094,,,,,,,,,,,,5.658596039,5.482983112,5.456467152,5.500378132,5.512063026,5.464234829,5.419066906,5.451600075,5.407169819,5.354430199,5.5,
Faroe Islands,FRO,"Government expenditure on education, total (% of GDP)",SE.XPD.TOTL.GD.ZS,,,,,,,,,,,,,,,,,,,,,,,7.996031284,8.22133255,8.312603951,7.714779854,7.58258009,8.044589996,8.781399727,7.640100002,,
"Micronesia, Fed. Sts.",FSM,"Government expenditure on education, total (% of GDP)",SE.XPD.TOTL.GD.ZS,,,,,,,,,,6.424910069,6.706870079,,,,,,,,,,,,,,,12.40791988,13.51266003,12.41641998,9.697050095,,,
Gabon,GAB,"Government expenditure on education, total (% of GDP)",SE.XPD.TOTL.GD.ZS,,,2.805520058,,,,,,3.419660091,3.081229925,3.827090025,,,,,,,,,,3.078089952,2.987459898,3.013400078,3.029710054,2.666670084,2.991660118,2.662060022,3.326809883,2.933459997,2.73232007,3.181610107,
United Kingdom,GBR,"Government expenditure on education, total (% of GDP)",SE.XPD.TOTL.GD.ZS,4.055520058,4.122479916,4.334489822,,4.850830078,4.839260101,4.37116003,,4.210700035,3.989180088,4.023149967,4.108550072,4.628540039,4.80573988,4.729400158,4.929180145,4.973259926,4.908830166,4.884970188,5.046319962,5.66824007,5.559599876,5.659604073,5.500780106,5.564509869,5.514110088,5.375329971,5.384990215,5.167990208,5.207749844,5.53000021,
Georgia,GEO,"Government expenditure on education, total (% of GDP)",SE.XPD.TOTL.GD.ZS,,,,,6.915659904,,,,2.108880043,2.15512991,2.181050062,2.137500048,2.235019922,2.065599918,2.914200068,2.484319925,3.00364995,2.696870089,2.919549942,3.222379923,2.803649902,2.576139927,1.906100035,2.886719942,2.997679949,3.164870024,3.593869925,3.574429989,3.52105999,3.808640003,3.850080013,3.623800039
Ghana,GHA,"Government expenditure on education, total (% of GDP)",SE.XPD.TOTL.GD.ZS,,,,,,,,,,4.110370159,,5.354440212,,,7.535580158,7.42208004,5.259829998,5.519869804,5.757959843,5.317440033,5.540599823,8.14097023,7.919139862,4.576469898,4.39978981,4.434050083,4.394529819,3.533629894,3.886130095,,,
Gibraltar,GIB,"Government expenditure on education, total (% of GDP)",SE.XPD.TOTL.GD.ZS,,,,,,,,,,,,,,,,,,,,,,,,,,,,,,,,
Guinea,GIN,"Government expenditure on education, total (% of GDP)",SE.XPD.TOTL.GD.ZS,,2.016390085,2.00632,2.088439941,,,,,,2.361419916,2.593400002,2.081909895,2.593869925,2.371020079,2.210000038,1.849060059,,,1.581120014,2.207250118,2.551189899,2.287420034,1.833709955,2.63421011,2.422810078,2.517139912,2.544500113,2.320339918,2.384320021,1.848369956,2.199470043,
"Gambia, The",GMB,"Government expenditure on education, total (% of GDP)",SE.XPD.TOTL.GD.ZS,2.825839996,3.780610085,1.169839978,,,2.553560019,2.566279888,,,1.565129995,1.465870023,1.158100009,1.44291997,1.363379955,0.622470021,0.691879988,0.751630008,0.81686002,2.181299925,1.908139944,2.563220024,2.50116992,2.637569904,1.818390012,2.230940104,2.160029888,2.024430037,2.459189892,2.365439892,2.788929939,2.763720036,
Guinea-Bissau,GNB,"Government expenditure on education, total (% of GDP)",SE.XPD.TOTL.GD.ZS,,,,,,,,,,5.246170044,,,,,,,,,,,1.860820055,1.857859969,2.001060009,2.13248992,2.200000048,2.299999952,2.299999952,2.200000048,2.137870073,2.947819948,2.708430052,
Equatorial Guinea,GNQ,"Government expenditure on education, total (% of GDP)",SE.XPD.TOTL.GD.ZS,,,,,,,,,2.187979937,,,,,,,,,,,,,,,,,,,,,,,
Greece,GRC,"Government expenditure on education, total (% of GDP)",SE.XPD.TOTL.GD.ZS,2.046080112,1.934329987,,,,,,,2.892560005,3.027729988,3.230190039,3.364579916,3.424309969,3.429339886,3.667190075,3.963959932,,,,,4.105631351,4.435127258,4.514549732,4.475959778,4.287009716,3.661390066,3.970241547,3.477089882,3.597340107,3.5880301,4.440000057,
Grenada,GRD,"Government expenditure on education, total (% of GDP)",SE.XPD.TOTL.GD.ZS,,,,,,,,,,,,,,3.926739931,,,,,,,,,,,,4.238609791,,3.173799992,3.552550077,,,
Greenland,GRL,"Government expenditure on education, total (% of GDP)",SE.XPD.TOTL.GD.ZS,,,,,,,,,,,,,,,,,,,,,,,12.87223244,13.33678818,12.80253887,12.00459957,11.08613968,11.02855968,10.5601902,10.15435505,,
Guatemala,GTM,"Government expenditure on education, total (% of GDP)",SE.XPD.TOTL.GD.ZS,,,,1.665750027,1.43998003,1.604799986,1.563699961,,,,,,,,,,3.032850027,3.088089943,3.236860037,,2.848649979,2.968650103,3.005249977,2.888089895,2.985620022,3.030329943,2.944740057,2.950099945,3.137049913,3.199280024,3.299720049,3.108769894
Guam,GUM,"Government expenditure on education, total (% of GDP)",SE.XPD.TOTL.GD.ZS,,,,,,,,,,,,,,,,,,,,,,,,,,,,,,,,
Guyana,GUY,"Government expenditure on education, total (% of GDP)",SE.XPD.TOTL.GD.ZS,,,,,3.724450111,3.609339952,,,,8.561059952,8.484149933,8.397299767,8.365539551,6.955900192,5.51293993,8.139730453,3.118910074,2.391170025,,2.150579929,2.409389973,2.506690025,2.241319895,,4.360330105,3.895699978,4.737750053,4.66478014,4.45058012,,,
High income,HIC,"Government expenditure on education, total (% of GDP)",SE.XPD.TOTL.GD.ZS,,,,4.940430164,4.671299934,4.767119884,4.753920078,,4.501219988,4.567230225,4.648369789,4.871194839,4.899490118,5.040420055,4.876749992,4.898519993,4.81757021,4.644754887,4.785914898,4.989769936,5.063020229,4.860944986,4.797989845,4.935389996,4.899760008,4.865230083,4.792669773,4.780539989,4.769209862,4.703259945,5.170000076,
"Hong Kong SAR, China",HKG,"Government expenditure on education, total (% of GDP)",SE.XPD.TOTL.GD.ZS,2.466089964,,2.828200102,,,,2.728310108,,,,,3.903700113,4.015540123,4.285299778,4.558959961,4.134630203,3.842789888,3.454550028,3.260629892,4.392129898,3.510030031,3.418220043,3.509609938,3.760319948,3.572550058,3.262120008,3.292649984,3.310100079,3.326519966,3.810600042,4.406340122,4.001029968
Honduras,HND,"Government expenditure on education, total (% of GDP)",SE.XPD.TOTL.GD.ZS,,,,,2.512639999,2.617449999,,,,,,,,,,,,,,,6.800000191,6.099999905,6.299727917,5.874929905,7.090119839,6.412970066,5.159619808,4.937019825,6.056469917,4.912849903,6.438439846,
Heavily indebted poor countries (HIPC),HPC,"Government expenditure on education, total (% of GDP)",SE.XPD.TOTL.GD.ZS,,,,,,,,,,2.685290098,2.565020084,2.658449888,2.59414494,,2.862190008,2.84849,2.819999933,,2.750200033,3.089270115,3.521014929,3.558290005,3.452700019,3.454459906,3.384880066,3.494159937,3.265754938,3.535589933,3.281449914,3.505815029,3.225150108,
Croatia,HRV,"Government expenditure on education, total (% of GDP)",SE.XPD.TOTL.GD.ZS,,,,,,,,,,,,,3.783269882,3.831350088,3.785840034,,,3.940870047,4.252130032,4.358089924,4.19863987,4.096549988,4.776778221,4.500390053,4.941884041,4.931538582,4.717281342,3.854759932,3.907550097,3.916860104,5.539999962,
Haiti,HTI,"Government expenditure on education, total (% of GDP)",SE.XPD.TOTL.GD.ZS,,1.073989987,,,,,,,,,,,,,,,,,,,,,,,1.753149986,1.857040048,1.395859957,1.504230022,1.632069945,1.786811352,1.371014357,
Hungary,HUN,"Government expenditure on education, total (% of GDP)",SE.XPD.TOTL.GD.ZS,,5.879399776,6.079569817,5.919589996,5.834889889,4.847489834,4.334750175,,4.408649921,4.56704998,4.868400097,4.931009769,5.179230213,5.791150093,5.326580048,5.318880081,5.288119793,5.133450031,4.966110229,4.944660187,4.721759796,4.561329842,4.141119957,4.187729836,4.600399971,4.494100094,4.6145401,4.614099979,4.622829914,4.237639904,4.760000229,
IBRD only,IBD,"Government expenditure on education, total (% of GDP)",SE.XPD.TOTL.GD.ZS,,,,,,,3.499609947,,,4.22040987,3.901460052,3.771124959,3.766819954,3.831350088,3.682250023,3.860009909,3.903460026,3.68460989,4.027859926,4.368939877,3.857969999,4.070869923,4.120819807,4.391880035,4.438379765,4.114570141,4.254079819,4.080404997,4.167449951,3.979815006,4.134130001,
IDA & IBRD total,IBT,"Government expenditure on education, total (% of GDP)",SE.XPD.TOTL.GD.ZS,,,,,,,,,,3.729219913,3.25661993,3.458699942,3.300149918,3.354425073,3.319715023,3.337139964,3.492980003,3.51391995,3.715415001,3.960760117,3.689985037,3.799999952,3.679863691,3.848590016,4.03358984,3.886928082,3.850500107,3.80347991,3.866110086,3.704705,3.916970015,
IDA total,IDA,"Government expenditure on education, total (% of GDP)",SE.XPD.TOTL.GD.ZS,,,,,,,,,,2.731655002,2.565020084,2.70720005,2.810480118,,2.862190008,2.919440031,2.92939508,,3.191915035,3.131605029,3.502229929,3.558290005,3.470930099,3.342735052,3.384880066,3.494159937,3.456921101,3.535589933,3.39011991,3.484890461,3.277850032,
IDA blend,IDB,"Government expenditure on education, total (% of GDP)",SE.XPD.TOTL.GD.ZS,,,4.413450003,,6.148569822,,,,,,,,,,2.541715026,2.353119969,,,,,2.84803009,3.676749945,3.835219979,4.925544977,4.717299938,4.743500233,5.239999771,4.706804991,3.448535085,3.5753901,4.153061867,
Indonesia,IDN,"Government expenditure on education, total (% of GDP)",SE.XPD.TOTL.GD.ZS,,,,,0.998549998,1.004349947,1.078549981,1.072080016,,,,2.460030079,2.645689964,3.217999935,2.748470068,2.872819901,,3.044250011,2.901900053,3.525130033,2.81227994,3.189440012,3.407480001,3.359040022,3.288009882,3.583600044,3.5,2.669980049,3,2.841850042,3.49000001,
IDA only,IDX,"Government expenditure on education, total (% of GDP)",SE.XPD.TOTL.GD.ZS,,,,,,,,,,2.731655002,2.579210043,2.70720005,2.775789976,,2.99477005,3.159780025,2.958790064,3.016139984,3.285300016,3.173939943,3.521014929,3.558290005,3.470930099,3.306080103,3.349524975,3.394206762,3.094779968,3.533629894,3.39011991,3.484100103,3.225150108,
Isle of Man,IMN,"Government expenditure on education, total (% of GDP)",SE.XPD.TOTL.GD.ZS,,,,,,,,,,,,,,,,,,,,,,,,,,,,,,,,
India,IND,"Government expenditure on education, total (% of GDP)",SE.XPD.TOTL.GD.ZS,,,,,,,,3.361360073,3.572560072,4.415390015,4.324790001,,,3.613409996,3.352540016,3.188750029,3.142849922,,,3.278249979,3.377690077,3.79618001,3.867500067,3.844670057,,4.114570141,4.254079819,4.305449963,4.363739967,4.4072299,4.474229813,
Not classified,INX,"Government expenditure on education, total (% of GDP)",SE.XPD.TOTL.GD.ZS,,,,,,,,,,,,,,,,,,,,,,,,,,,,,,,,
Ireland,IRL,"Government expenditure on education, total (% of GDP)",SE.XPD.TOTL.GD.ZS,4.600560188,4.782670021,5.005630016,5.115560055,5.188710213,4.871620178,4.753920078,,4.287539959,4.133790016,4.132259846,4.087490082,4.104879856,4.204939842,4.482960224,4.518980026,4.547420025,4.715410233,5.458280087,6.15610981,6.05136013,5.829040051,5.752689838,5.342050076,4.878499985,3.758769989,3.742120028,3.50928998,3.392869949,3.294610023,3.099999905,
"Iran, Islamic Rep.",IRN,"Government expenditure on education, total (% of GDP)",SE.XPD.TOTL.GD.ZS,3.773910046,3.743530035,3.640460014,4.314620018,,4.081809998,3.537760019,,,4.22040987,4.030640125,4.071680069,4.484879971,4.363220215,4.296629906,4.056509972,4.289989948,4.596809864,3.913759947,3.842449903,3.709180117,3.484970093,3.168590069,3.06795001,2.801350117,2.797389984,3.365760088,3.790400028,3.955359936,3.663199902,3.592430115,
Iraq,IRQ,"Government expenditure on education, total (% of GDP)",SE.XPD.TOTL.GD.ZS,,,,,,,,,,,,,,,,,,,,,,,,,,4.489999771,4.710000038,,,,,
Iceland,ISL,"Government expenditure on education, total (% of GDP)",SE.XPD.TOTL.GD.ZS,4.258629799,,,5.141580105,4.755579948,4.780620098,5.218349934,,6.78387022,6.434010029,6.431439877,6.705920219,7.298920155,7.245079994,7.161180019,7.338439941,7.195219994,6.944330215,7.036019802,7.189849854,6.944240093,6.789979935,7.582230091,7.448689938,7.641409874,7.457970142,7.432199955,7.583859921,7.561709881,7.547359943,7.71999979,
Israel,ISR,"Government expenditure on education, total (% of GDP)",SE.XPD.TOTL.GD.ZS,,,,,,,,,6.651189804,6.420380116,6.112820148,6.373980045,6.465060234,6.345499992,5.940279961,5.754590034,5.75635004,5.495950222,5.519949913,5.481719971,5.5198102,5.549369812,5.672530174,5.854259968,5.766819954,5.862110138,5.855780125,6.057909966,6.112339973,6.125780106,7.070000172,
Italy,ITA,"Government expenditure on education, total (% of GDP)",SE.XPD.TOTL.GD.ZS,,,,4.733890057,4.433310032,4.318649769,4.447639942,,4.45031023,4.510849953,4.291079998,4.650090218,4.432409763,4.541790009,4.385200024,4.238299847,4.52545023,4.10503006,4.387949944,4.523719788,4.334119797,4.115680218,4.056019783,4.143670082,4.061279774,4.073629856,3.815789938,4.044939995,4.256140232,4.095310211,4.269999981,
Jamaica,JAM,"Government expenditure on education, total (% of GDP)",SE.XPD.TOTL.GD.ZS,4.779160023,4.383069992,3.336659908,3.214030027,4.064189911,3.389080048,3.677730083,4.379539967,,,4.983469963,5.381030083,5.375229836,4.256849766,3.912549973,4.616419792,,5.49022007,6.191319942,6.198480129,6.370600224,6.266640186,6.112460136,6.251080036,6.015860081,5.455210209,5.314610004,5.260169983,5.413809776,5.163640022,5.617499828,6.027470112
Jordan,JOR,"Government expenditure on education, total (% of GDP)",SE.XPD.TOTL.GD.ZS,,,,,,,7.475989819,6.364510059,,4.944169998,,,,,,4.920000076,4.659999847,5.039999962,3.670000076,3.589999914,3.099999905,3.400000095,3.5,3.5,3.799999952,3.450000048,3.452820063,3.228539944,2.984810114,2.988470078,3.670000076,3.211380005
Japan,JPN,"Government expenditure on education, total (% of GDP)",SE.XPD.TOTL.GD.ZS,,,,3.429039955,3.635669947,3.4021101,,,3.297970057,3.378129959,3.460119963,3.400820017,3.408989906,3.466629982,3.426110029,3.314939976,3.276679993,3.279340029,3.27241993,,3.599519968,3.605279922,3.64741993,3.624969959,3.551589966,3.269819736,3.146430016,3.130579948,3.077820063,3.157249928,3.420000076,
Kazakhstan,KAZ,"Government expenditure on education, total (% of GDP)",SE.XPD.TOTL.GD.ZS,,,,,,4.034450054,3.923710108,4.373429775,,3.892570019,3.25661993,,3.029700041,,2.25590992,2.263530016,2.626780033,2.831389904,2.589459896,3.060719967,3.462260008,3.493520021,3.901690006,3.437370062,3.421649933,2.788579941,2.978100061,2.750819921,2.615950108,2.856970072,4.446203709,
Kenya,KEN,"Government expenditure on education, total (% of GDP)",SE.XPD.TOTL.GD.ZS,,6.570670128,6.075900078,6.029150009,5.924019814,,,,,5.323239803,5.186729908,5.206210136,6.171999931,6.494269848,6.796929836,7.335649967,7.049839973,,,,4.815489769,4.700129986,4.931210041,4.837210178,4.717299938,4.743500233,4.895180225,4.963089943,5.107619762,4.97439003,5.079969883,4.799039841
Kyrgyz Republic,KGZ,"Government expenditure on education, total (% of GDP)",SE.XPD.TOTL.GD.ZS,,,,,5.588190079,6.156429768,4.902609825,,4.919630051,4.08521986,3.50838995,3.854180098,4.445459843,4.475419998,4.622439861,4.873839855,5.549860001,6.467000008,5.913189888,6.232679844,5.818830013,6.79061985,7.384230137,6.780200005,5.531599998,5.985509872,6.586150169,6.026189804,5.552670002,5.366749763,6.214864731,
Cambodia,KHM,"Government expenditure on education, total (% of GDP)",SE.XPD.TOTL.GD.ZS,,,,,,,,,1.259070039,,1.666810036,1.722219944,1.711210012,,1.719820023,,,1.599300027,,1.665680051,1.533789992,1.510689974,1.618397832,1.647064209,1.674574018,1.925035596,2.06424737,2.316151857,2.578059435,2.89662981,3.126306534,
Kiribati,KIR,"Government expenditure on education, total (% of GDP)",SE.XPD.TOTL.GD.ZS,,,,,,,,,,10.87100983,11.18587017,11.98812008,,,,,,,,,,12.97000027,13.38438034,12.02653027,11.23237038,9.862959862,10.09358978,10.86316013,11.96829033,12.39466,,
St. Kitts and Nevis,KNA,"Government expenditure on education, total (% of GDP)",SE.XPD.TOTL.GD.ZS,,1.998450041,2.303869963,,,2.576410055,,,4.020569801,3.322669983,4.740389824,4.421549797,3.920510054,3.790990114,3.971349955,3.831449986,4.059279919,4.193809986,,,,,3.63049674,3.817313433,3.856778622,2.643460035,4.150000095,4.25,4.420000076,4.300000191,3.398791552,2.448620081
"Korea, Rep.",KOR,"Government expenditure on education, total (% of GDP)",SE.XPD.TOTL.GD.ZS,3.03873992,3.489249945,3.577889919,3.69698,3.01831007,2.93543005,,,3.368139982,3.369290113,,,,,,,,,,2.869999886,2.839999914,,,,,4.454237938,4.333099842,4.328239918,4.458079815,4.684659958,,
Kuwait,KWT,"Government expenditure on education, total (% of GDP)",SE.XPD.TOTL.GD.ZS,,,14.19882965,,,,5.859610081,5.582630157,,,,6.585830212,6.551109791,,5.535069942,4.738339901,3.759979963,2.579999924,2.769999981,3.579999924,3.569999933,3.420000076,3.75,3.880000114,4.400000095,4.771480083,5.847710133,6.36548996,6.38917017,6.49243021,6.551259995,
Latin America & Caribbean (excluding high income),LAC,"Government expenditure on education, total (% of GDP)",SE.XPD.TOTL.GD.ZS,,,,,,,,,3.645864964,3.800620079,3.948930025,4.04286015,3.883855104,3.535049915,3.974479914,,4.128210068,4.272805214,4.832239866,5.325745106,4.926769972,4.916270018,4.643070221,4.878550053,4.789110184,4.470389843,4.362750053,4.518219948,4.449100018,4.365939856,4.618700027,
Lao PDR,LAO,"Government expenditure on education, total (% of GDP)",SE.XPD.TOTL.GD.ZS,,,2.334569931,,,,2.429749966,2.130199909,,,1.503690004,1.990280032,2.825220108,,2.413000107,2.414089918,2.958790064,3.078419924,2.27854991,1.654850006,1.709789991,1.708019972,1.821470022,3.233809948,2.937809944,2.736897945,2.774429798,2.497972727,2.335012197,2.475329638,2.299760103,
Lebanon,LBN,"Government expenditure on education, total (% of GDP)",SE.XPD.TOTL.GD.ZS,,,,1.66652,1.93125999,2.224630117,2.084670067,,,,,2.841480017,2.552710056,,2.640949965,2.646189928,2.779759884,2.583570004,2.014790058,1.765709996,1.613309979,1.652519941,2.148089886,2.432450056,2,2.099999905,2.123929977,2.132940054,2.524470091,2.592020035,1.690000057,
Liberia,LBR,"Government expenditure on education, total (% of GDP)",SE.XPD.TOTL.GD.ZS,,,,,,,,,,,,,,,,,,,1.701660037,,,2.239857674,1.777119994,1.690780044,2.200050116,2.170830011,2.14812994,2.663300037,2.503910065,2.270390034,2.309289932,2.692179918
Libya,LBY,"Government expenditure on education, total (% of GDP)",SE.XPD.TOTL.GD.ZS,,,,,,,,,,2.264169931,,,,,,,,,,,,,,,,,,,,,,
St. Lucia,LCA,"Government expenditure on education, total (% of GDP)",SE.XPD.TOTL.GD.ZS,,,,,6.532380104,,,,5.528940201,5.449940205,,5.707330227,,3.534490108,3.436460018,4.238959789,4.696690083,,4.483530045,3.067660093,3.482899904,3.588239908,3.272989988,3.85984993,3.880690098,3.867729902,5.208280087,3.633480072,3.335669994,3.266060114,3.575210094,
Latin America & Caribbean,LCN,"Government expenditure on education, total (% of GDP)",SE.XPD.TOTL.GD.ZS,,,,,,2.985085011,,,3.340150118,3.764919996,3.77583003,3.844680071,3.883855104,3.535049915,3.745604992,,3.792889953,3.855165124,4.639089823,5.325745106,4.83382988,4.410675049,4.545767069,4.84394002,4.760030031,4.470389843,4.257341385,4.357699871,4.351660013,4.225659847,4.246679783,
Least developed countries: UN classification,LDC,"Government expenditure on education, total (% of GDP)",SE.XPD.TOTL.GD.ZS,,,,,,,,,,2.568530083,2.593400002,2.682824969,2.59414494,,2.812619925,2.84849,2.830970049,,2.750200033,3.014635086,3.450384974,3.269814968,3.253409982,3.259230018,3.122920036,3.214390039,2.899100065,3.126460075,3.13677001,3.10431993,3.049685001,
Low income,LIC,"Government expenditure on education, total (% of GDP)",SE.XPD.TOTL.GD.ZS,,,,,,,,,,2.778019905,2.645479918,3.432719946,,,3.107130051,2.796979904,,,2.63872993,2.882565022,3.343889952,3.269814968,3.253409982,3.067680001,3.15555501,3.156545043,2.958430052,2.913915038,3.199790001,3.237070084,3.002110004,
Liechtenstein,LIE,"Government expenditure on education, total (% of GDP)",SE.XPD.TOTL.GD.ZS,,,,,,,,,,,,,,2.46013999,2.433330059,,2.053809881,1.921190023,2.048369884,,,2.556040049,,,,,,,,,,
Sri Lanka,LKA,"Government expenditure on education, total (% of GDP)",SE.XPD.TOTL.GD.ZS,2.410929918,2.915580034,,,3.108530045,2.957600117,3.343600035,,3.051419973,,,,,,,2.25999999,2.329999924,2.25999999,1.980000019,2.055900097,1.717740059,1.808609962,1.496170044,1.621070027,1.932880044,2.22874999,3.449199915,2.799249887,2.135390043,1.929999948,,
Lower middle income,LMC,"Government expenditure on education, total (% of GDP)",SE.XPD.TOTL.GD.ZS,,,,,,,,,,,2.975150108,,2.89222002,3.12451005,3.077780008,3.276695013,3.40350008,3.24584496,3.859465003,3.960760117,3.857965112,3.842619896,3.712440014,4.122529984,3.824160099,4.078430176,4.101970196,4.085539818,3.866110086,3.596839905,4.111616611,
Low & middle income,LMY,"Government expenditure on education, total (% of GDP)",SE.XPD.TOTL.GD.ZS,,,,,,,,,,3.70934999,3.343394995,3.503420115,3.208319902,3.306120038,3.227519989,3.364639997,3.492980003,3.461949944,3.650000095,3.867880106,3.689985037,3.79618001,3.603159904,3.824398518,3.945374966,3.886928082,3.825239897,3.80347991,3.865081668,3.639835,3.84384501,
Lesotho,LSO,"Government expenditure on education, total (% of GDP)",SE.XPD.TOTL.GD.ZS,,,,8.577030182,7.025430202,8.64097023,,11.36400986,,12.49934959,10.09154987,9.365050316,10.10044956,13.21957016,11.10900974,12.07966042,11.27128029,,12.32952023,,,8.165100098,7.666059971,7.29226017,7.198599815,9,7.760749817,8.156889915,7.285359859,7.991710186,7.669360161,8.70263958
Late-demographic dividend,LTE,"Government expenditure on education, total (% of GDP)",SE.XPD.TOTL.GD.ZS,,,,,,3.814640045,3.784224987,,4.138329983,4.133790016,3.853990078,3.894940019,4.093044996,4.209569931,4.079349995,3.771929979,3.862800002,4.149539948,4.101749897,4.630249977,4.539659977,4.407498121,4.370389938,4.686655045,4.584980011,4.512319803,4.363810062,4.318223953,4.346334934,4.156610012,4.389126778,
Lithuania,LTU,"Government expenditure on education, total (% of GDP)",SE.XPD.TOTL.GD.ZS,,,,,,4.767119884,4.845220089,5.45043993,6.116449833,,,5.84758997,5.800079823,5.114180088,5.174280167,4.878399849,4.825729847,4.595210075,4.839900017,5.585239887,5.297860146,5.113430023,4.758029938,4.602330208,4.486579895,4.227190018,4.004310131,3.812200069,3.892930031,3.972150087,,
Luxembourg,LUX,"Government expenditure on education, total (% of GDP)",SE.XPD.TOTL.GD.ZS,,,,,,3.659090042,3.476819992,,,,,3.539730072,,,,,,,,,5.28915453,5.123529434,3.87816,3.905838013,3.855690002,3.767920017,3.485594988,3.48645997,3.647490025,3.719820023,4.96999979,
Latvia,LVA,"Government expenditure on education, total (% of GDP)",SE.XPD.TOTL.GD.ZS,,,,,,,5.257579803,5.512790203,5.807720184,5.539380074,5.274270058,5.446959972,5.602540016,5.057149887,4.834060192,,4.684669971,4.633289814,5.366449833,5.522659779,5.03881979,5.071619987,6.582709789,6.996970177,5.281229973,5.282519817,4.65749979,4.366710186,4.243569851,4.425079823,5.96999979,
"Macao SAR, China",MAC,"Government expenditure on education, total (% of GDP)",SE.XPD.TOTL.GD.ZS,,,,,,,,,3.350049973,3.336649895,3.314389944,2.71446991,2.842959881,2.780169964,2.23348999,2.277879953,2.193860054,2.043450117,2.196409941,2.533230066,2.618489981,2.675280094,3.325160027,2.050489902,2.048530102,3.002470016,3.099529982,2.706429958,2.728780031,3.05862999,6.300000191,
St. Martin (French part),MAF,"Government expenditure on education, total (% of GDP)",SE.XPD.TOTL.GD.ZS,,,,,,,,,,,,,,,,,,,,,,,,,,,,,,,,
Morocco,MAR,"Government expenditure on education, total (% of GDP)",SE.XPD.TOTL.GD.ZS,4.510489941,4.303160191,,4.824969769,,4.734809875,,,5.115540028,5.140160084,,,,,,,,,5.342150211,5.260640144,,,6.042975903,,5.933515072,4.645979881,5.491933823,5.118319988,5.348849773,5.931359768,6.754300117,
Monaco,MCO,"Government expenditure on education, total (% of GDP)",SE.XPD.TOTL.GD.ZS,,,0.913600028,,,1.06456995,1.082239985,1.212419987,1.208829999,1.195279956,1.255360007,,,,1.243860006,,,,,1.354590058,1.31735003,1.589890003,1.780040026,1.334400058,1.021950006,,1.370929956,1.457929969,,1.152660012,,
Moldova,MDA,"Government expenditure on education, total (% of GDP)",SE.XPD.TOTL.GD.ZS,,,,,,,9.896639824,,,4.662559986,4.486390114,4.846849918,5.497910023,5.424890041,6.771039963,7.162700176,7.498990059,8.293370247,8.237270355,9.509759903,7.592299938,7.136380196,6.983389854,5.909759998,6.266019821,5.805689812,5.608449936,5.618440151,5.439730167,6.103789806,6.388720036,
Madagascar,MDG,"Government expenditure on education, total (% of GDP)",SE.XPD.TOTL.GD.ZS,,,,1.775449991,,,,1.538460016,1.588790059,2.405009985,2.438689947,2.70720005,2.231790066,2.610949993,2.812619925,3.309639931,2.830970049,2.902740002,2.554339886,2.825129986,2.75,2.381680012,2.340670109,1.776939988,2.381230116,2.210119963,2.687190056,2.701370001,2.844099998,2.994859934,3.095710039,
Maldives,MDV,"Government expenditure on education, total (% of GDP)",SE.XPD.TOTL.GD.ZS,,,,,,,,,,,,,5.791860104,5.324069977,4.661600113,5.016839981,4.64523983,4.417880058,4.470290184,5.081689835,3.633280039,3.080729961,3.34085989,3.388299942,3.088589907,3.887510061,3.686990023,3.887470007,3.912489891,4.121590137,5.800467014,
Middle East & North Africa,MEA,"Government expenditure on education, total (% of GDP)",SE.XPD.TOTL.GD.ZS,,,,,,,4.671569824,,,,,6.201849937,,,5.371479988,4.794429779,4.619999886,4.730759859,4.282284975,4.015094876,4.050701737,3.484970093,3.75,4.073840141,4.025694966,4.2104249,4.710000038,4.255970001,5.207230091,3.86736989,3.774935007,
Mexico,MEX,"Government expenditure on education, total (% of GDP)",SE.XPD.TOTL.GD.ZS,2.324980021,2.548000097,3.005019903,,3.647089958,3.692559958,,,3.365289927,3.535360098,3.992439985,4.24104023,4.454959869,5.072579861,4.726709843,4.845689774,4.699920177,4.690509796,4.82006979,5.187940121,5.159220219,5.105649948,5.103099823,4.696050167,5.257470131,5.229420185,4.90681982,4.518219948,4.254220009,,,
Marshall Islands,MHL,"Government expenditure on education, total (% of GDP)",SE.XPD.TOTL.GD.ZS,,,,,,,,,,13.73182964,,,8.208979607,11.81980038,,,,,17.55999947,23.27000046,20.59000015,19.70999908,15.59000015,15.98999977,15.67000008,17.62999916,15.27999973,15.22000027,15.19999981,15.75,13.62500381,
Middle income,MIC,"Government expenditure on education, total (% of GDP)",SE.XPD.TOTL.GD.ZS,,,,,,,,,,3.93975997,3.511209965,3.605900049,3.271494985,3.574229956,3.467110038,3.815969944,3.759444952,3.603149891,3.948650002,4.342420101,3.857969999,3.89854002,3.793100119,4.058229923,4.048404455,4.023880124,4.091555119,4.085539818,3.928489923,3.808640003,4.122873306,
North Macedonia,MKD,"Government expenditure on education, total (% of GDP)",SE.XPD.TOTL.GD.ZS,,,4.733449936,4.630569935,4.52628994,4.271230221,4.303110123,,,,,,3.300149918,,,,,,,,,,,,,,,,,,,
Mali,MLI,"Government expenditure on education, total (% of GDP)",SE.XPD.TOTL.GD.ZS,,,,,,,,,2.649590015,2.231839895,2.971560001,2.658449888,2.896229982,3.805599928,3.859220028,3.52218008,,,3.403559923,3.869040012,3.343889952,3.754230022,3.479490042,3.284650087,3.648190022,3.801520109,3.094779968,3.789769888,3.90557003,3.484100103,3.763430119,4.401480198
Malta,MLT,"Government expenditure on education, total (% of GDP)",SE.XPD.TOTL.GD.ZS,3.831419945,3.920300007,4.314099789,,,,,,4.184720039,,,,4.143050194,,4.434929848,,,5.947500229,5.501210213,5.070390224,6.250040054,7.696129799,6.345459938,7.579239845,7.004209995,5.023980141,5.084459782,4.651629925,5.136470795,4.988059998,5.869999886,
Myanmar,MMR,"Government expenditure on education, total (% of GDP)",SE.XPD.TOTL.GD.ZS,,,,,,1.364789963,,,,,,,,,,,,,,,0.899999976,0.850319982,1.600000024,2.099999905,1.899999976,2.099999905,1.899999976,2.32633996,2.157480001,2.139869928,,
Middle East & North Africa (excluding high income),MNA,"Government expenditure on education, total (% of GDP)",SE.XPD.TOTL.GD.ZS,,,,,,,4.185309887,,,,,,,,,,4.619999886,4.864709854,4.33701992,5.130139828,3.709180117,3.484970093,4.742109776,4.122529984,4.25138998,4.2104249,4.380000114,3.790400028,3.955359936,,,
Montenegro,MNE,"Government expenditure on education, total (% of GDP)",SE.XPD.TOTL.GD.ZS,,,,,,,,,,,,,,,,,,,,,,,,,,,,,,,,
Mongolia,MNG,"Government expenditure on education, total (% of GDP)",SE.XPD.TOTL.GD.ZS,,,,,,,,3.948970079,5.493020058,5.145659924,5.550370216,,7.210780144,,4.325729847,,,4.690130234,,5.144849777,4.645100117,4.60902977,5.961985111,5.24104023,5.428256035,4.387156487,5.200432777,4.318223953,9.859838486,11.78094101,4.659912109,
Northern Mariana Islands,MNP,"Government expenditure on education, total (% of GDP)",SE.XPD.TOTL.GD.ZS,,,,,,,,,,,,,,,,,,,,,,,,,,,,,,,,
Mozambique,MOZ,"Government expenditure on education, total (% of GDP)",SE.XPD.TOTL.GD.ZS,,,,,,,,,1.899670005,2.778019905,,,,,3.326699972,4.00578022,3.871469975,,,,5.952929974,6.260409832,5.672160149,6.115330219,6.876329899,6.010829926,5.865039825,5.505559921,5.452189922,6.084420204,6.260590076,
Mauritania,MRT,"Government expenditure on education, total (% of GDP)",SE.XPD.TOTL.GD.ZS,,,,,,,,1.585800052,,1.722030044,,2.106839895,2.277149916,2.365010023,1.950799942,,1.958510041,,,,,2.331020117,2.158210039,2.293540001,2.557964325,2.829566002,1.944059968,,,1.824370027,1.881160021,
Mauritius,MUS,"Government expenditure on education, total (% of GDP)",SE.XPD.TOTL.GD.ZS,3.170340061,3.509890079,,,,,,,,3.93975997,3.769109964,3.114860058,3.060899973,4.415830135,4.31306982,4.078199863,3.697510004,3.185400009,3.063070059,3.047310114,3.551470041,3.332070112,3.418200016,3.61578989,4.916950226,4.886670113,5.013599873,5.02312994,4.834589958,4.719299793,4.608170033,4.877280235
Malawi,MWI,"Government expenditure on education, total (% of GDP)",SE.XPD.TOTL.GD.ZS,3.270539999,,,,,4.008850098,5.381259918,,,4.994909763,5.247970104,4.508979797,,3.215660095,,,,,,,3.539799929,4.152619839,3.679863691,5.41617012,4.839839935,5.608660221,4.748569965,4.031330109,3.3229599,3.711319923,2.907619953,
Malaysia,MYS,"Government expenditure on education, total (% of GDP)",SE.XPD.TOTL.GD.ZS,,,5.111430168,4.654630184,4.705289841,4.342549801,4.913849831,4.620379925,,5.686789989,5.971610069,7.484469891,7.657929897,7.502880096,5.923890114,,4.485760212,4.372539997,3.958519936,5.974180222,4.966450214,5.76293993,5.739029884,5.481200218,5.212639809,4.894869804,4.751920223,4.675310135,4.478650093,4.156610012,3.916970015,
North America,NAC,"Government expenditure on education, total (% of GDP)",SE.XPD.TOTL.GD.ZS,5.991990089,6.884300232,6.770939827,7.704259872,6.680019855,6.324450016,,,5.493770123,5.530799866,5.423319817,4.953030109,4.993080139,,,4.765880108,,4.766409874,4.62612009,4.840579987,6.03817153,5.891807795,5.484221935,5.419970751,5.490489006,4.846395016,4.80728507,5.034595013,4.900655031,4.880820036,5.610000134,
Namibia,NAM,"Government expenditure on education, total (% of GDP)",SE.XPD.TOTL.GD.ZS,,,,,,,,,,7.130760193,6.901780128,6.888869762,6.742330074,6.137139797,,,6.031710148,,6.403429985,,8.243300438,7.397809982,7.793399811,8.609330177,9.577850342,9.850769997,10.63879967,9.708669662,8.881119728,8.92702961,9.446900368,9.640489578
New Caledonia,NCL,"Government expenditure on education, total (% of GDP)",SE.XPD.TOTL.GD.ZS,,,,,,,,,,,,,,,,,,,,,,,,,,,,,,,,
Niger,NER,"Government expenditure on education, total (% of GDP)",SE.XPD.TOTL.GD.ZS,2.074369907,2.308330059,2.242980003,2.065119982,2.265389919,2.329750061,2.144180059,,,2.568530083,2.565020084,2.279819965,2.401340008,1.937059999,,,2.558520079,3.014620066,2.723119974,3.335880041,2.721950054,3.077620029,3.18682003,3.689529896,5.103680134,4.486690044,2.958430052,2.578180075,3.457279921,3.527529955,3.837610006,
Nigeria,NGA,"Government expenditure on education, total (% of GDP)",SE.XPD.TOTL.GD.ZS,,,,,,,,,,,,,,,,,,,,,0.466383696,0.582609355,0.545457304,0.525614321,,,,,,,,
Nicaragua,NIC,"Government expenditure on education, total (% of GDP)",SE.XPD.TOTL.GD.ZS,,,2.984970093,,,,,,2.225850105,2.923650026,3.001600027,,2.391010046,2.422009945,,,,,,,4.484240055,,,,4.0832901,4.078430176,4.081140041,4.357699871,4.46999979,4.599999905,4.630000114,
Netherlands,NLD,"Government expenditure on education, total (% of GDP)",SE.XPD.TOTL.GD.ZS,5.228789806,5.161650181,,4.756609917,4.663249969,4.578879833,4.494190216,,4.540569782,4.506999969,4.585120201,4.699649811,4.805900097,5.040420055,5.062970161,5.109399796,5.044020176,4.886829853,5.029049873,5.43156004,5.489089966,5.463039875,5.410220146,5.52655983,5.458899975,5.34815979,5.479599953,5.17509985,5.357649803,5.159860134,5.300000191,
Norway,NOR,"Government expenditure on education, total (% of GDP)",SE.XPD.TOTL.GD.ZS,6.310379982,6.373219967,6.63613987,7.676640034,7.830430031,7.695680141,7.138050079,7.30343008,7.360779762,6.966479778,6.467269897,6.830629826,7.437290192,7.416359901,7.298270226,6.865069866,6.382760048,6.534399986,6.285220146,7.10337019,6.746339798,6.454520226,7.374700069,7.485350132,7.695040226,7.569330215,8.030550003,7.911980152,7.644110203,7.938389778,5.900000095,
Nepal,NPL,"Government expenditure on education, total (% of GDP)",SE.XPD.TOTL.GD.ZS,,,,,,,,,2.892879963,2.89331007,2.975150108,3.708379984,3.152839899,3.11435008,3.171940088,3.364639997,3.605360031,3.517210007,3.805170059,4.663760185,3.631720066,3.842619896,3.5289886,3.20268631,3.485994101,3.294253588,3.477112293,3.52892375,3.664405584,3.485680819,4.183101177,
Nauru,NRU,"Government expenditure on education, total (% of GDP)",SE.XPD.TOTL.GD.ZS,,,,,,,,,,,,,,,,,,4.246150017,,,,,,,5.498093605,5.59442997,6.195280075,6.616189957,5.877160072,5.596539974,5.167049885,7.091695309
New Zealand,NZL,"Government expenditure on education, total (% of GDP)",SE.XPD.TOTL.GD.ZS,,,,,5.926050186,5.742129803,6.383719921,6.157219887,,6.636209965,,6.560490131,6.406990051,6.437530041,6.512030125,6.278960228,5.95276022,5.919650078,5.511449814,6.288169861,7.000390053,6.939690113,7.159930229,6.701550007,6.342430115,6.325059891,6.411789894,6.259739876,6.048500061,5.163720131,5.980000019,
OECD members,OED,"Government expenditure on education, total (% of GDP)",SE.XPD.TOTL.GD.ZS,,4.786330223,,4.890690088,4.761065006,4.767119884,4.88125515,,4.461870193,4.56704998,4.657660007,4.931009769,5.157330036,5.114180088,4.890629768,4.929180145,4.81757021,4.702960014,4.886970043,5.43156004,5.384429932,5.113430023,4.956580162,5.229239941,5.124000072,4.945930004,4.87302494,4.955770016,4.900655031,4.988709927,5.25999999,
Oman,OMN,"Government expenditure on education, total (% of GDP)",SE.XPD.TOTL.GD.ZS,2.838920116,2.987940073,3.122580051,3.508219957,3.444489956,3.413259983,3.184520006,3.356800079,4.138329983,4.035930157,3.200239897,4.020319939,4.325069904,3.896990061,4.02835989,3.517210007,3.859339952,,,4.187739849,4.796302795,4.459726334,4.797989845,4.98458004,,,,5.840189934,5.207230091,5.413209915,,
Other small states,OSS,"Government expenditure on education, total (% of GDP)",SE.XPD.TOTL.GD.ZS,3.170340061,,,,,,,,,5.168560028,5.339459896,5.033349991,4.937739849,5.816770077,5.139179945,6.286670208,6.180989981,,5.943734884,5.960050106,4.539659977,4.51336503,4.112580061,4.458860159,4.655640125,5.144189835,5.15763998,4.992224932,4.834589958,4.719299793,4.608170033,
Pakistan,PAK,"Government expenditure on education, total (% of GDP)",SE.XPD.TOTL.GD.ZS,2.51680994,2.566760063,2.549679995,2.386440039,2.589309931,2.79531002,2.810570002,3.022300005,,2.611490011,1.837820053,,,,1.767590046,2.049720049,2.395509958,2.635270119,2.746229887,2.59078002,2.286870003,2.221750021,2.13628006,2.493439913,2.465929985,2.650019884,3.002919912,2.89951992,2.597406626,2.507550001,2.365718365,2.377573013
Panama,PAN,"Government expenditure on education, total (% of GDP)",SE.XPD.TOTL.GD.ZS,,,,,3.470540047,3.947809935,4.09431982,3.847110033,,4.567230225,4.759689808,4.105879784,4.1916399,4.168700218,3.578660011,,,,3.50229001,,,3.159009933,,3.400000095,2.816824436,2.836289883,2.846080065,2.882240057,2.88293004,3.127360106,3.906069994,
Peru,PER,"Government expenditure on education, total (% of GDP)",SE.XPD.TOTL.GD.ZS,,,,,,,3.118799925,,3.278179884,3.44133997,3.228029966,3.037120104,2.820569992,2.937799931,2.957870007,2.839030027,2.652810097,2.629400015,2.867749929,3.139940023,2.867300034,2.663500071,2.92276001,3.297290087,3.695990086,3.969330072,3.813169956,3.931309938,3.714299917,3.819960117,4.246679783,3.981780052
Philippines,PHL,"Government expenditure on education, total (% of GDP)",SE.XPD.TOTL.GD.ZS,,,,,,2.663990021,2.943569899,3.077569962,3.697459936,,3.164400101,2.92463994,2.89222002,2.935179949,2.469830036,2.328069925,2.425790071,2.485179901,2.582829952,2.537770033,2.309999943,2.499905825,2.517289162,3.019999981,2.933717251,3.518517017,3.034224272,3.971154451,3.864053249,3.355791569,3.734810591,
Palau,PLW,"Government expenditure on education, total (% of GDP)",SE.XPD.TOTL.GD.ZS,,,,,,,,,,,8.017979622,7.70720005,7.521989822,,,,,,6.239999771,7.570000172,7.760000229,7.53000021,7.650000095,6.889999866,6.550000191,5.710000038,5.860000134,6.590000153,6.53000021,6.809999943,,
Papua New Guinea,PNG,"Government expenditure on education, total (% of GDP)",SE.XPD.TOTL.GD.ZS,,,,,,,,,,,,,,,,,,,,,,,,,,,,1.964930058,1.874830008,1.677749991,1.350000024,
Poland,POL,"Government expenditure on education, total (% of GDP)",SE.XPD.TOTL.GD.ZS,,3.891449928,4.187930107,4.182759762,,4.3302598,6.257380009,,4.942009926,4.591819763,4.983930111,5.319029808,5.387350082,5.32449007,5.355579853,5.425749779,5.207650185,4.868740082,5.042399883,4.989769936,5.063020229,4.824969769,4.829549789,4.970620155,4.935540199,4.809939861,4.633399963,4.558460236,4.615799904,4.669209957,5.190000057,
Pre-demographic dividend,PRE,"Government expenditure on education, total (% of GDP)",SE.XPD.TOTL.GD.ZS,,,,,,,,,,2.568530083,2.514185071,2.471509933,2.594419956,,2.862190008,2.796979904,2.56340003,,2.690000057,3.089270115,3.382604957,3.029999971,3.134364963,3.327510118,3.172749996,3.282579899,3.009330034,3.535589933,3.219864964,3.484100103,3.166160107,
Puerto Rico,PRI,"Government expenditure on education, total (% of GDP)",SE.XPD.TOTL.GD.ZS,,,,,,,,,,,,,,,,,,,,,,,,6.481080055,6.072659969,4.678120613,4.257341385,3.960939884,3.649907589,3.55616951,3.389361382,3.603580713
"Korea, Dem. People's Rep.",PRK,"Government expenditure on education, total (% of GDP)",SE.XPD.TOTL.GD.ZS,,,,,,,,,,,,,,,,,,,,,,,,,,,,,,,,
Portugal,PRT,"Government expenditure on education, total (% of GDP)",SE.XPD.TOTL.GD.ZS,3.56972003,4.07133007,4.337470055,4.840950012,4.671299934,4.61330986,5.065110207,,,5.046860218,5.163849831,5.33713007,5.258719921,5.281529903,5.046380043,5.073949814,4.907670021,4.921470165,4.696090221,5.563149929,5.412489891,5.123330116,4.949409962,5.270969868,5.124000072,4.885540009,4.770905972,5.015610218,4.675159931,4.630020142,5.010000229,
Paraguay,PRY,"Government expenditure on education, total (% of GDP)",SE.XPD.TOTL.GD.ZS,1.040709972,,,,,,,,4.198339939,4.230879784,4.230209827,3.833570004,3.407730103,3.382760048,2.869899988,,,2.739510059,,,2.770720005,3.692820072,3.668790102,4.809329987,4.789110184,3.338150024,3.434979916,3.08968997,3.283200026,3.469710112,3.3036201,
West Bank and Gaza,PSE,"Government expenditure on education, total (% of GDP)",SE.XPD.TOTL.GD.ZS,,,,,,,,,,,,,,,,,,,,,6.191679955,5.335279942,4.742109776,4.89467001,,4.663219929,4.982960224,4.721539974,5.318870068,,,
Pacific island small states,PSS,"Government expenditure on education, total (% of GDP)",SE.XPD.TOTL.GD.ZS,,,,,,,,,,,,,,,,,,,,,,,,,,,,,,,,
Post-demographic dividend,PST,"Government expenditure on education, total (% of GDP)",SE.XPD.TOTL.GD.ZS,,5.132435083,,5.251999855,4.904769897,4.843374968,4.845220089,,4.461870193,4.749219894,4.868400097,4.871194839,5.164219856,5.197854996,5.123760223,5.073949814,4.973259926,4.886829853,4.839900017,5.065419912,5.384429932,5.11838007,4.949409962,5.009419918,4.941884041,4.920534372,4.827825069,4.91170001,4.900655031,4.944884777,5.194999933,
French Polynesia,PYF,"Government expenditure on education, total (% of GDP)",SE.XPD.TOTL.GD.ZS,,,,,,,,,,,,,,,,,,,,,,,,,,,,,,,,
Qatar,QAT,"Government expenditure on education, total (% of GDP)",SE.XPD.TOTL.GD.ZS,,,,,,,,,3.577670097,4.345300198,3.725980043,3.200190067,3.846560001,3.373939991,3.462589979,3.971879959,,,4.22755003,3.413150072,4.539659977,4.012239933,3.50744009,4.073840141,3.605350018,,,2.967459917,,2.803780079,3.233669996,
Romania,ROU,"Government expenditure on education, total (% of GDP)",SE.XPD.TOTL.GD.ZS,,,,,,,3.241219997,,,,2.868629932,3.266289949,3.504129887,3.543970108,3.312730074,3.500390053,4.306509972,4.149539948,4.097199917,4.002130032,3.493609905,3.061369896,2.963799953,3.051739931,3.121220112,3.109630108,2.979890108,3.095390081,3.344749928,3.583189964,3.690000057,
Russian Federation,RUS,"Government expenditure on education, total (% of GDP)",SE.XPD.TOTL.GD.ZS,,,,,,,,,,,2.93979001,3.106019974,3.835020065,3.678539991,3.547869921,3.771929979,3.866260052,,4.101749897,,3.880484104,4.708928108,3.793100119,3.763829947,4.013879776,3.834029913,3.760440111,4.689909935,4.678199768,3.517245054,3.730000019,
Rwanda,RWA,"Government expenditure on education, total (% of GDP)",SE.XPD.TOTL.GD.ZS,,,,,,,,,,3.860579967,3.436359882,4.827859879,,,,,,3.987420082,3.504080057,,4.633840084,4.385980129,4.423520088,4.744919777,4.19878006,3.649159908,3.436729908,3.126460075,3.073750019,3.237070084,3.330549955,3.821559906
South Asia,SAS,"Government expenditure on education, total (% of GDP)",SE.XPD.TOTL.GD.ZS,2.410929918,2.566760063,,,,,,3.022300005,3.051419973,2.752400041,2.550115108,,,3.11435008,2.556040049,2.569999933,2.647755027,2.635270119,2.746229887,2.934514999,3.377690077,2.841879964,2.728139997,2.848063111,2.465929985,2.952909946,3.463156104,3.136415005,2.898598313,2.860664964,2.860859394,
Saudi Arabia,SAU,"Government expenditure on education, total (% of GDP)",SE.XPD.TOTL.GD.ZS,,5.779459953,5.144629955,5.999289989,6.343820095,5.692470074,4.943749905,4.377079964,8.281310081,7.072269917,5.90982008,7.718870163,7.636889935,7.105090141,6.277460098,5.430920124,5.891170025,,5.13781023,,,,,,,,8.5104599,8.016429901,7.085810184,6.7947402,7.809309959,
Sudan,SDN,"Government expenditure on education, total (% of GDP)",SE.XPD.TOTL.GD.ZS,,,,,,,,,,,1.012179971,,1.164250016,,1.312549949,1.178429961,1.553539991,,1.851500034,2.022130013,,,,,,,,,,,,
Senegal,SEN,"Government expenditure on education, total (% of GDP)",SE.XPD.TOTL.GD.ZS,,,,,,,,,2.474570036,2.459810019,2.463350058,2.471509933,2.594419956,2.751250029,3.077780008,4.064430237,3.8213799,,4.025680065,4.920730114,5.217740059,4.903029919,4.776989937,5.686560154,5.720210075,5.45637989,5.113090038,4.624969959,4.8582201,5.348879814,5.497859955,
Singapore,SGP,"Government expenditure on education, total (% of GDP)",SE.XPD.TOTL.GD.ZS,,,,,,,,,,,3.32130003,3.542490005,3.878530025,3.981940031,3.652760029,3.195960045,2.859119892,2.946749926,2.764600039,3.010129929,3.080440044,3.030770063,3.070859909,2.85435009,2.92437005,2.863090038,2.874830008,2.768260002,2.855979919,2.736210108,2.506659985,2.806462288
Solomon Islands,SLB,"Government expenditure on education, total (% of GDP)",SE.XPD.TOTL.GD.ZS,,3.875400066,,,,,,,2.315020084,,,,,,,,,8.2208004,7.656330109,7.288499832,7.931739807,8.125189781,8.087030411,10.17469978,9.812000275,10.13490009,12,12.10999966,10.81000042,11.13000011,12.75,
Sierra Leone,SLE,"Government expenditure on education, total (% of GDP)",SE.XPD.TOTL.GD.ZS,,,,,,,,,,,4.949369907,3.432719946,3.54527998,3.260610104,3.107130051,2.796979904,,2.558510065,2.413170099,2.778140068,2.588639975,2.668900013,2.872040033,2.379810095,2.662919998,3.057290077,3.060230017,4.660960197,6.989630222,7.44701004,8.809550285,9.08673954
El Salvador,SLV,"Government expenditure on education, total (% of GDP)",SE.XPD.TOTL.GD.ZS,,,,,,,,,2.547250032,2.562609911,2.838680029,,3.242840052,3.134670019,,3.177850008,3.492980003,3.60984993,4.458109856,4.659500122,4.048079967,3.89854002,3.712440014,3.801490068,3.824160099,3.909879923,3.825239897,3.725229979,3.605750084,3.385159969,4.070828438,
San Marino,SMR,"Government expenditure on education, total (% of GDP)",SE.XPD.TOTL.GD.ZS,,,,,,,,,,,,,,,,,,,,,2.62883997,2.702960014,,,,3.442865849,3.337201595,3.369970083,3.555160046,3.379699945,3.424619913,
Somalia,SOM,"Government expenditure on education, total (% of GDP)",SE.XPD.TOTL.GD.ZS,,,,,,,,,,,,,,,,,,,,,,,,,,,,0.127174035,0.230991215,0.270000011,,
Serbia,SRB,"Government expenditure on education, total (% of GDP)",SE.XPD.TOTL.GD.ZS,,,,,,,,,,,,,,,,,,4.209839821,4.441999912,4.483980179,4.327809811,4.238359928,4.164209843,,3.926980019,3.78640008,3.63470006,3.710160017,3.582319975,3.616470098,,
Sub-Saharan Africa (excluding high income),SSA,"Government expenditure on education, total (% of GDP)",SE.XPD.TOTL.GD.ZS,,,,,,,,,,3.227859974,2.646094918,3.114860058,3.004930019,,3.107130051,3.234709978,3.009919882,,3.063070059,3.173939943,3.502229929,3.445180058,3.452700019,3.61578989,3.516535044,3.67008996,3.561609983,3.775149941,3.696439981,3.586115003,3.443020105,
South Sudan,SSD,"Government expenditure on education, total (% of GDP)",SE.XPD.TOTL.GD.ZS,,,,,,,,,,,,,,,,,,,,,,0.962890029,1.245528102,1.024500012,1.232460022,1.465559959,1.543900013,,,,,
Sub-Saharan Africa,SSF,"Government expenditure on education, total (% of GDP)",SE.XPD.TOTL.GD.ZS,,,,,,,,,,3.227859974,2.646094918,3.114860058,3.004930019,,3.107130051,3.234709978,3.009919882,,3.063070059,3.173939943,3.502229929,3.445180058,3.452700019,3.61578989,3.516535044,3.67008996,3.561609983,3.775149941,3.696439981,3.586115003,3.443020105,
Small states,SST,"Government expenditure on education, total (% of GDP)",SE.XPD.TOTL.GD.ZS,3.654129982,,,,,3.558549881,,,,5.090950012,4.983469963,5.033349991,4.908049822,5.273099899,4.876749992,5.54847002,,,6.191319942,6.079265118,5.028724909,4.655255079,4.633774996,4.964245319,5.1244452,5.144189835,5.15763998,4.992224932,4.834589958,4.719299793,4.608170033,
Sao Tome and Principe,STP,"Government expenditure on education, total (% of GDP)",SE.XPD.TOTL.GD.ZS,,,,,,,,,,,,,2.720580101,3.246929884,3.234709978,4.856450081,4.271180153,6.286829948,5.554490089,10.67790031,9.651470184,8.89109993,6.339509964,5.939690113,3.749059916,3.864599943,5.173039913,5.036369801,5.235109806,5.921549797,5.011380196,
Suriname,SUR,"Government expenditure on education, total (% of GDP)",SE.XPD.TOTL.GD.ZS,,,,,,,,,,,,,,,,,,,,,,,,,,5.53467989,5.640520096,5.458670139,4.922540188,6.832260132,5.007070065,
Slovak Republic,SVK,"Government expenditure on education, total (% of GDP)",SE.XPD.TOTL.GD.ZS,,,5.356949806,4.44960022,3.712500095,4.297579765,4.124400139,4.122320175,,4.107299805,3.864680052,3.93569994,4.245399952,4.209569931,4.101570129,3.759959936,3.707700014,3.523210049,3.521650076,4.006410122,4.060910225,3.915199995,3.874190092,4.084050179,4.230410099,4.592060089,3.91286993,3.942780018,3.972569942,4.29046011,4.610000134,
Slovenia,SVN,"Government expenditure on education, total (% of GDP)",SE.XPD.TOTL.GD.ZS,,,,,,4.905590057,,,,,,5.756830215,5.672860146,5.70333004,5.64425993,5.6040802,5.590660095,5.11661005,5.109519958,5.554969788,5.545460224,5.541259766,5.620230198,5.405729771,5.291699886,4.909530163,4.792669773,4.780539989,4.935870171,4.910289764,5.760000229,
Sweden,SWE,"Government expenditure on education, total (% of GDP)",SE.XPD.TOTL.GD.ZS,5.212190151,5.443809986,5.258500099,5.50703001,,6.148139954,6.838620186,,7.06125021,6.848730087,6.740149975,6.617640018,6.924349785,6.791429996,6.663109779,6.506400108,6.364290237,6.171589851,6.344550133,6.749710083,6.522689819,6.366919994,7.536970139,7.611209869,7.573729992,7.443900108,7.618619919,7.568830013,7.640840054,7.638510227,7.170000076,
Eswatini,SWZ,"Government expenditure on education, total (% of GDP)",SE.XPD.TOTL.GD.ZS,5.484570026,,,,5.140289783,5.653140068,4.938159943,,,5.090950012,5.508480072,4.838240147,4.440869808,5.816770077,5.401609898,6.484620094,6.554759979,,6.618120193,6.471350193,6.118370056,6.864329815,5.594088554,5.084610462,7.070590019,5.355750084,5.414669991,6.138090134,5.679160118,5.645549774,5.342339993,4.995299816
Sint Maarten (Dutch part),SXM,"Government expenditure on education, total (% of GDP)",SE.XPD.TOTL.GD.ZS,,,,,,,,,,,,,,,,,,,,,,,,,,,,,,,,
Seychelles,SYC,"Government expenditure on education, total (% of GDP)",SE.XPD.TOTL.GD.ZS,,,,,9.021710396,7.703690052,7.779220104,,5.992070198,5.261000156,,,5.193329811,5.374929905,,,4.770120144,,,,3.548259974,3.606440067,2.613929987,3.608129978,4.083680153,4.222899914,4.421020031,3.677289963,4.498839855,3.914589882,5.150730133,
Syrian Arab Republic,SYR,"Government expenditure on education, total (% of GDP)",SE.XPD.TOTL.GD.ZS,,,,,,,3.69904995,,,,,4.54640007,5.269849777,6.480840206,5.371479988,,5.279650211,4.864709854,4.59525013,5.130139828,,,,,,,,,,,,
Turks and Caicos Islands,TCA,"Government expenditure on education, total (% of GDP)",SE.XPD.TOTL.GD.ZS,,,,,,,,,,,4.718830109,4.843009949,5.069139957,4.728779793,,2.540999889,,,,,,,2.97579217,2.674149275,2.591910362,3.093250036,2.907449961,2.740550041,2.743769884,2.505089998,3.270499945,4.494299889
Chad,TCD,"Government expenditure on education, total (% of GDP)",SE.XPD.TOTL.GD.ZS,,,,,,,,2.27335,1.64902997,3.227859974,2.646709919,2.42614007,,,1.592949986,1.694769979,,,,2.311739922,1.981940031,2.2579,2.206150055,2.850709915,2.599999905,2.400000095,2.299999952,2.454819918,2.25948,2.372459888,2.90850997,2.88812995
East Asia & Pacific (IDA & IBRD countries),TEA,"Government expenditure on education, total (% of GDP)",SE.XPD.TOTL.GD.ZS,,,,,,2.252955019,2.686659932,3.51327002,,,4.208930016,2.69233501,2.89222002,,2.748470068,,,3.061334968,3.569250107,3.805969954,3.508440018,3.52196002,3.596918344,3.824398518,3.726639986,3.82487011,3.767617464,3.566385746,3.37054503,3.188205838,3.569999933,
Europe & Central Asia (IDA & IBRD countries),TEC,"Government expenditure on education, total (% of GDP)",SE.XPD.TOTL.GD.ZS,,,,,,,3.512569904,,,3.75532496,3.343394995,3.384239912,3.343114972,3.61125505,3.380215049,3.642030001,3.866260052,3.940870047,4.162065029,4.316190004,3.880484104,4.159034967,4.018030167,4.201519966,4.082929134,4.121997356,4.294914961,4.199480057,4.169684887,3.916860104,4.446203709,
Togo,TGO,"Government expenditure on education, total (% of GDP)",SE.XPD.TOTL.GD.ZS,,,5.675139904,,,,4.412439823,,3.984240055,4.185719967,3.920900106,3.767040014,3.487449884,3.326090097,3.109630108,3.159780025,3.435009956,3.510629892,3.285300016,3.867880106,4.096350193,4.309299946,4.719200134,4.423649788,4.78455019,5.10860014,3.686490059,3.760529995,4.043940067,4.069139957,3.991250038,
Thailand,THA,"Government expenditure on education, total (% of GDP)",SE.XPD.TOTL.GD.ZS,,3.08859992,3.045409918,,3.405230045,3.144979954,3.499609947,4.577189922,4.625699997,4.832670212,5.25345993,4.81787014,3.864919901,3.725610018,4.030889988,3.93859005,4.05038023,3.603149891,3.508500099,3.861939907,3.508440018,4.805550098,3.596918344,3.824398518,3.919177532,3.86397624,3.767617464,3.465321541,3.198600054,3.020620108,3.145710945,
Tajikistan,TJK,"Government expenditure on education, total (% of GDP)",SE.XPD.TOTL.GD.ZS,,,,8.18558979,,2.065900087,2.043450117,,2.528490067,2.076519966,2.328710079,2.376590014,2.775789976,2.420789957,2.772030115,3.512130022,3.40350008,3.413269997,3.459830046,4.098309994,4.006750107,3.935110092,4.018030167,,,4.967740059,5.763679981,5.83796978,5.5583601,5.712900162,5.917162895,
Turkmenistan,TKM,"Government expenditure on education, total (% of GDP)",SE.XPD.TOTL.GD.ZS,,,,,,,,,,,,,,,,,,,,,,,3.049249887,,,,,,,3.120650053,,
Latin America & the Caribbean (IDA & IBRD countries),TLA,"Government expenditure on education, total (% of GDP)",SE.XPD.TOTL.GD.ZS,,,,,,2.985085011,,,3.309165001,3.729219913,3.643519998,3.839125037,3.750370026,3.458904982,3.578660011,,3.669059992,3.627320051,4.458109856,5.187940121,4.670629978,4.410675049,4.54982996,4.84394002,4.760030031,4.470389843,4.362750053,4.470970154,4.459549904,4.506219864,4.552070141,
Timor-Leste,TLS,"Government expenditure on education, total (% of GDP)",SE.XPD.TOTL.GD.ZS,,,,,,,,,,,,,,,,,,,8.670570374,12.90345955,11.10760975,10.1947298,7.166745186,5.68140316,7.660111904,6.295632839,6.019239902,5.144508839,4.819879055,4.137038231,4.153061867,
Middle East & North Africa (IDA & IBRD countries),TMN,"Government expenditure on education, total (% of GDP)",SE.XPD.TOTL.GD.ZS,,,,,,,4.185309887,,,,,,,,,,4.619999886,4.864709854,4.33701992,5.130139828,3.625915051,3.442485094,4.482394934,3.811264992,4.25138998,3.930850029,4.050000191,3.76947999,3.791549921,3.32583499,3.631215096,
Tonga,TON,"Government expenditure on education, total (% of GDP)",SE.XPD.TOTL.GD.ZS,,,,,,,,,5.517129898,5.380559921,4.878079891,4.477560043,3.795000076,4.159510136,3.91376996,,,,,,,,,,,,,,6.372910023,7.959630013,6.520573139,6.60617733
South Asia (IDA & IBRD),TSA,"Government expenditure on education, total (% of GDP)",SE.XPD.TOTL.GD.ZS,2.410929918,2.566760063,,,,,,3.022300005,3.051419973,2.752400041,2.550115108,,,3.11435008,2.556040049,2.569999933,2.647755027,2.635270119,2.746229887,2.934514999,3.377690077,2.841879964,2.728139997,2.848063111,2.465929985,2.952909946,3.463156104,3.136415005,2.898598313,2.860664964,2.860859394,
Sub-Saharan Africa (IDA & IBRD countries),TSS,"Government expenditure on education, total (% of GDP)",SE.XPD.TOTL.GD.ZS,,,,,,,,,,3.227859974,2.646094918,3.114860058,3.004930019,,3.107130051,3.234709978,3.009919882,,3.063070059,3.173939943,3.502229929,3.445180058,3.452700019,3.61578989,3.516535044,3.67008996,3.561609983,3.775149941,3.696439981,3.586115003,3.443020105,
Trinidad and Tobago,TTO,"Government expenditure on education, total (% of GDP)",SE.XPD.TOTL.GD.ZS,3.654129982,,,,3.431809902,3.558549881,3.248769999,3.325210094,2.438920021,2.756119967,2.755650043,3.065289974,3.543009996,3.136600018,,,,,,,,4.296020031,4.54982996,5.118800163,5.331940174,3.387209892,3.953910112,3.575500011,3.304039955,3.698090076,4.103740215,
Tunisia,TUN,"Government expenditure on education, total (% of GDP)",SE.XPD.TOTL.GD.ZS,5.790860176,6.027470112,5.754889965,5.983769894,6.176469803,6.429759979,6.287809849,6.679029942,,6.270989895,6.201960087,6.201849937,5.790060043,6.81675005,6.720789909,6.451570034,6.438799858,6.464519978,6.271570206,6.528480053,5.963039875,7.554369926,5.950860023,6.967450142,6.881869793,6.220449924,7.32434988,,,,,
Turkiye,TUR,"Government expenditure on education, total (% of GDP)",SE.XPD.TOTL.GD.ZS,,,,3.365469933,3.42482996,2.251110077,,,0,2.880990028,2.516880035,2.634619951,2.728060007,2.851310015,2.989989996,,2.728060007,,,,3.787013531,4.221519947,4.387219906,4.344810009,4.412580013,4.322199821,4.627739906,4.323689938,4.294069767,4.447780132,3.359999895,
Tuvalu,TUV,"Government expenditure on education, total (% of GDP)",SE.XPD.TOTL.GD.ZS,7.554180145,,,,,,,3.730829954,,,,,,,,,,,,,,,,,,,,,,,,
Tanzania,TZA,"Government expenditure on education, total (% of GDP)",SE.XPD.TOTL.GD.ZS,2.138070107,,,,,,2.53283,2.458590031,2.175909996,,,,,,3.561229944,3.546250105,3.009919882,4.033420086,4.185910225,3.960760117,4.541699886,3.558290005,3.470930099,3.357959986,3.384880066,4.194869995,4.101970196,4.430510044,3.696439981,3.596839905,3.225150108,3.297790051
Uganda,UGA,"Government expenditure on education, total (% of GDP)",SE.XPD.TOTL.GD.ZS,,,,,,,,,,,2.461669922,,,,4.952370167,2.900000095,2.50999999,2.339999914,1.960000038,1.649999976,1.727399945,2.298909903,1.797469974,1.871140003,1.914720058,2.32152009,2.1378901,2.253639936,2.130520105,1.529999971,2.586280107,2.66505003
Ukraine,UKR,"Government expenditure on education, total (% of GDP)",SE.XPD.TOTL.GD.ZS,,,,,,,,5.456009865,4.448840141,3.618079901,4.022930145,4.525680065,5.240069866,5.400189877,5.123760223,5.848199844,5.979459763,5.902440071,6.152420044,7.050749779,7.397079945,5.937709808,6.442699909,6.41989994,5.874939919,5.74255991,5.00977993,5.417079926,5.319920063,5.441299915,5.382319927,
Upper middle income,UMC,"Government expenditure on education, total (% of GDP)",SE.XPD.TOTL.GD.ZS,,,,,,,,,,4.075950027,3.901460052,3.833570004,3.750370026,3.862030029,3.912549973,4.049594879,3.916719913,4.083010197,4.030134916,4.426460028,3.857969999,4.229939938,3.847395062,3.955369949,4.082929134,3.969330072,3.962090015,4.199480057,4.149760008,3.979709983,4.134130001,
Uruguay,URY,"Government expenditure on education, total (% of GDP)",SE.XPD.TOTL.GD.ZS,,2.479079962,2.411530018,,2.271719933,2.521399975,2.869869947,,2.243370056,,2.422549963,2.800960064,2.32220006,2.068209887,2.499540091,2.714750051,2.880259991,,,,,4.355269909,4.330517292,4.519380093,4.584980011,4.554249763,4.382810116,4.470970154,4.662799835,4.703259945,4.552070141,
United States,USA,"Government expenditure on education, total (% of GDP)",SE.XPD.TOTL.GD.ZS,,,,,,,,,,,,,,,,,,,,,6.719973087,6.521565437,6.275856495,6.25093174,6.137388229,4.953410149,4.798150063,5.109220028,4.912330151,4.988709927,6.050000191,
Uzbekistan,UZB,"Government expenditure on education, total (% of GDP)",SE.XPD.TOTL.GD.ZS,,,,,,,,,,,,,,,,,,,,,,6.195859909,6.395229816,5.741909981,5.713230133,5.494440079,5.380899906,5.032820225,5.900000095,7.001860142,4.922790051,
St. Vincent and the Grenadines,VCT,"Government expenditure on education, total (% of GDP)",SE.XPD.TOTL.GD.ZS,,4.873770237,,,,,,,4.033370018,5.752689838,7.913780212,,7.801959991,8.637809753,,6.350800037,,5.671040058,,5.689780235,5.085229874,,,,,5.160556793,5.733399868,5.73195982,5.693779945,,,
"Venezuela, RB",VEN,"Government expenditure on education, total (% of GDP)",SE.XPD.TOTL.GD.ZS,2.44671011,,4.310679913,3.817830086,5.006030083,,,,,,,,,,,,3.669059992,3.627320051,,6.874680042,,,,,,1.930179954,1.190230012,1.344079971,,,,
British Virgin Islands,VGB,"Government expenditure on education, total (% of GDP)",SE.XPD.TOTL.GD.ZS,,,,,,,,,,,,2.904769897,,,,3.046329975,3.514800072,3.043669939,,3.241650105,3.49770999,,3.565696001,4.469325542,4.018388271,4.71405983,3.797420025,2.462599993,2.434390068,2.630959988,2.590500116,
Virgin Islands (U.S.),VIR,"Government expenditure on education, total (% of GDP)",SE.XPD.TOTL.GD.ZS,,,,,,,,,,,,,,,,,,,,,,,,,,,,,,,,
Vietnam,VNM,"Government expenditure on education, total (% of GDP)",SE.XPD.TOTL.GD.ZS,,,,,,,,,,,,,,,,,,,4.886740208,4.816500187,5.137219906,4.813720226,5.533289909,5.65199995,4.438379765,4.465760231,4.344810009,4.085539818,4.167449951,4.061970234,4.111616611,
Vanuatu,VUT,"Government expenditure on education, total (% of GDP)",SE.XPD.TOTL.GD.ZS,,,,,4.11687994,,,,7.641049862,6.162650108,7.003630161,8.95114994,8.131979942,8.441510201,,,,,5.951509953,5.160510063,,,,,5.181950092,5.603380203,,4.533530235,,1.777879953,2.242320061,
World,WLD,"Government expenditure on education, total (% of GDP)",SE.XPD.TOTL.GD.ZS,,,,,,,,,,4.110370159,3.853990078,4.020319939,3.878530025,4.117280006,3.943514943,3.984870076,3.982189894,4.033420086,4.204145193,4.422070026,4.19863987,4.242090225,4.210354805,4.431299925,4.399894953,4.387156487,4.254079819,4.085539818,4.212569952,4.095310211,4.332049847,
Samoa,WSM,"Government expenditure on education, total (% of GDP)",SE.XPD.TOTL.GD.ZS,,,,,,,,,,4.016250134,3.582930088,3.826289892,3.841389894,,,,,,5.144209862,,5.849999905,6.610000134,5.159999847,4.670000076,5.409999847,4.857729912,4.164060116,4.183159828,4.532149792,4.706250191,4.809160233,
Kosovo,XKX,"Government expenditure on education, total (% of GDP)",SE.XPD.TOTL.GD.ZS,,,,,,,,,,,,,,,,,,,,,,,,,,,,,,,,
"Yemen, Rep.",YEM,"Government expenditure on education, total (% of GDP)",SE.XPD.TOTL.GD.ZS,,,,,,,,,,,9.64552021,9.237660408,,,,,,,5.15143013,,4.392223358,5.042026997,5.464789867,,,,,,,,,
South Africa,ZAF,"Government expenditure on education, total (% of GDP)",SE.XPD.TOTL.GD.ZS,5.125790119,5.737349987,,5.886020184,5.297770023,,5.04734993,,,5.29117012,4.908810139,4.636179924,4.54569006,4.352099895,4.508979797,4.524499893,4.526519775,4.446670055,4.374249935,4.761189938,5.134970188,5.288980007,5.523230076,5.350719929,5.489779949,5.482850075,5.444240093,5.598670006,5.644010067,5.917709827,6.192880154,6.604660034
Zambia,ZMB,"Government expenditure on education, total (% of GDP)",SE.XPD.TOTL.GD.ZS,,2.740570068,2.091599941,1.942080021,1.793519974,1.838529944,,,2.118230104,1.774950027,1.788190007,,,,2.463429928,1.735530019,,1.240759969,1.099720001,2.940000057,3.700000048,3.799999952,4.199999809,4.300000191,5.199999809,4.624330044,3.747920036,3.729640007,4.739749908,4.46517992,3.702399969,
Zimbabwe,ZWE,"Government expenditure on education, total (% of GDP)",SE.XPD.TOTL.GD.ZS,12.45425987,,22.32221031,,44.33398056,,,,,,,,,,,,,,,,1.544059992,,6.07020998,5.995979786,6.13835001,5.812789917,5.47262001,5.818779945,3.866110086,,,
